time,open,high,low,close,volume
2022-10-31 12:00:00+00:00,20741.6,20818.7,20703.3,20722.1,18812.177
2022-10-31 16:00:00+00:00,20722.1,20746.3,20225.4,20390.4,178190.073
2022-10-31 20:00:00+00:00,20390.5,20523.5,20318.5,20358.8,71420.368
2022-11-01 00:00:00+00:00,20358.8,20514.1,20343.6,20482.0,33544.367
2022-11-01 04:00:00+00:00,20482.1,20578.0,20429.6,20471.3,41397.455
2022-11-01 08:00:00+00:00,20471.3,20649.0,20455.8,20590.2,48087.0
2022-11-01 12:00:00+00:00,20590.2,20687.0,20477.5,20511.7,63102.765
2022-11-01 16:00:00+00:00,20511.8,20558.4,20320.0,20435.6,99511.246
2022-11-01 20:00:00+00:00,20435.6,20511.0,20366.8,20438.6,42827.185
2022-11-02 00:00:00+00:00,20438.6,20494.4,20419.4,20472.1,19750.536
2022-11-02 04:00:00+00:00,20472.1,20549.9,20400.0,20511.0,35407.129
2022-11-02 08:00:00+00:00,20511.0,20550.0,20343.4,20414.2,49841.428
2022-11-02 12:00:00+00:00,20414.2,20529.9,20323.0,20423.0,60009.619
2022-11-02 16:00:00+00:00,20423.0,20450.0,20352.3,20400.2,45694.925
2022-11-02 20:00:00+00:00,20400.2,20796.0,20100.0,20241.1,376975.578
2022-11-03 00:00:00+00:00,20241.2,20273.6,20050.0,20140.1,83607.082
2022-11-03 04:00:00+00:00,20140.2,20334.0,20111.0,20299.4,55383.428
2022-11-03 08:00:00+00:00,20299.3,20400.0,20270.8,20293.8,51958.954
2022-11-03 12:00:00+00:00,20293.7,20329.9,20038.6,20124.3,71215.533
2022-11-03 16:00:00+00:00,20124.3,20327.6,20026.0,20241.0,128488.783
2022-11-03 20:00:00+00:00,20241.1,20304.8,20169.2,20253.7,34370.149
2022-11-04 00:00:00+00:00,20253.6,20260.7,20149.2,20199.7,30704.214
2022-11-04 04:00:00+00:00,20199.8,20316.0,20171.6,20309.2,35410.81
2022-11-04 08:00:00+00:00,20309.3,20677.0,20296.0,20603.3,106949.307
2022-11-04 12:00:00+00:00,20603.3,20665.0,20533.2,20547.0,60734.001000000004
2022-11-04 16:00:00+00:00,20547.1,20878.3,20350.0,20749.8,188525.49200000003
2022-11-04 20:00:00+00:00,20829.2,21100.0,20660.0,21097.3,177529.745
2022-11-05 00:00:00+00:00,21097.2,21200.0,21040.6,21137.6,57593.665
2022-11-05 04:00:00+00:00,21137.6,21473.7,21071.1,21436.5,93221.318
2022-11-05 08:00:00+00:00,21436.4,21455.7,21352.6,21374.4,35559.701
2022-11-05 12:00:00+00:00,21374.4,21426.0,21226.8,21395.5,64262.119
2022-11-05 16:00:00+00:00,21395.5,21412.0,21202.8,21289.7,57249.357
2022-11-05 20:00:00+00:00,21289.7,21339.0,21250.1,21321.5,29400.799
2022-11-06 00:00:00+00:00,21321.6,21373.1,21227.0,21289.9,24290.078
2022-11-06 04:00:00+00:00,21289.8,21355.8,21162.2,21226.9,40699.165
2022-11-06 08:00:00+00:00,21226.9,21243.2,21133.8,21185.3,29802.220999999998
2022-11-06 12:00:00+00:00,21185.2,21301.0,21166.1,21247.1,42651.174
2022-11-06 16:00:00+00:00,21247.1,21278.9,21180.0,21233.7,35361.461
2022-11-06 20:00:00+00:00,21233.8,21272.3,21144.8,21186.7,44654.263999999996
2022-11-07 00:00:00+00:00,21186.6,21202.0,20863.3,20900.0,83980.361
2022-11-07 04:00:00+00:00,20900.0,21062.6,20811.0,20907.6,99825.86
2022-11-07 08:00:00+00:00,20907.6,20913.8,20606.0,20628.1,109342.628
2022-11-07 12:00:00+00:00,20628.1,20808.4,20563.2,20724.4,94293.74799999999
2022-11-07 16:00:00+00:00,20724.4,20793.2,20620.0,20756.2,85160.52100000001
2022-11-07 20:00:00+00:00,20756.3,20885.6,20641.6,20836.4,68633.777
2022-11-08 00:00:00+00:00,20836.4,20878.4,20374.0,20578.6,97151.782
2022-11-08 04:00:00+00:00,20578.5,20664.4,20111.1,20140.6,134243.87099999998
2022-11-08 08:00:00+00:00,20140.6,20235.0,19335.0,19785.6,294507.597
2022-11-08 12:00:00+00:00,19785.6,19787.7,19560.0,19689.0,85159.375
2022-11-08 16:00:00+00:00,19688.9,19737.5,19200.0,19513.8,208044.95799999998
2022-11-08 20:00:00+00:00,19513.8,20685.0,16830.0,18238.0,996111.854
2022-11-09 00:00:00+00:00,18238.0,18722.0,17798.8,18534.0,328408.658
2022-11-09 04:00:00+00:00,18533.9,18574.9,17976.4,18303.3,157362.162
2022-11-09 08:00:00+00:00,18303.3,18498.5,18163.0,18224.9,112780.527
2022-11-09 12:00:00+00:00,18225.0,18245.2,17229.3,17800.4,385550.42799999996
2022-11-09 16:00:00+00:00,17800.3,18008.0,16884.0,17098.4,471835.52
2022-11-09 20:00:00+00:00,17096.8,17308.0,16403.0,16764.5,435847.028
2022-11-10 00:00:00+00:00,16764.5,16885.1,15462.6,15905.0,502230.747
2022-11-10 04:00:00+00:00,15905.0,16556.7,15730.0,16351.7,227863.407
2022-11-10 08:00:00+00:00,16351.7,16891.0,16184.7,16739.5,195621.803
2022-11-10 12:00:00+00:00,16739.5,16940.0,16250.2,16388.1,202280.24
2022-11-10 16:00:00+00:00,16388.1,17947.5,16375.5,17541.6,444259.472
2022-11-10 20:00:00+00:00,17541.6,17987.0,17101.0,17438.6,247600.192
2022-11-11 00:00:00+00:00,17438.6,18230.0,17360.1,17588.0,179468.488
2022-11-11 04:00:00+00:00,17588.0,17678.0,16880.0,17052.3,153660.874
2022-11-11 08:00:00+00:00,17052.4,17479.2,16994.9,17397.3,125301.566
2022-11-11 12:00:00+00:00,17397.3,17524.9,17208.7,17339.9,93569.549
2022-11-11 16:00:00+00:00,17340.0,17550.0,16343.0,16864.8,339327.713
2022-11-11 20:00:00+00:00,16864.7,17037.8,16528.1,16842.6,143530.861
2022-11-12 00:00:00+00:00,16842.6,17145.0,16538.0,17058.3,99954.03899999999
2022-11-12 04:00:00+00:00,17058.4,17110.8,16765.0,16899.0,54367.46
2022-11-12 08:00:00+00:00,16899.1,16930.0,16623.8,16811.3,72323.72
2022-11-12 12:00:00+00:00,16811.4,16975.0,16716.6,16859.6,60387.186
2022-11-12 16:00:00+00:00,16859.6,16996.0,16746.7,16925.4,58486.175
2022-11-12 20:00:00+00:00,16925.5,16957.9,16820.0,16885.4,31243.027000000002
2022-11-13 00:00:00+00:00,16885.3,16889.3,16752.3,16806.9,27648.149
2022-11-13 04:00:00+00:00,16806.9,16950.0,16771.0,16906.1,28927.034
2022-11-13 08:00:00+00:00,16905.8,16914.1,16550.0,16765.5,60272.22
2022-11-13 12:00:00+00:00,16765.4,16786.2,16413.8,16651.8,83564.90100000001
2022-11-13 16:00:00+00:00,16651.8,16710.2,16512.6,16568.4,52082.694
2022-11-13 20:00:00+00:00,16568.4,16616.1,16455.2,16547.6,46374.693999999996
2022-11-14 00:00:00+00:00,16547.6,16578.8,16210.3,16321.2,78521.293
2022-11-14 04:00:00+00:00,16321.3,16399.5,15900.0,16130.0,122618.564
2022-11-14 08:00:00+00:00,16130.0,16894.5,15805.5,16813.0,234671.573
2022-11-14 12:00:00+00:00,16813.1,16921.6,16635.0,16740.8,108402.937
2022-11-14 16:00:00+00:00,16740.9,17188.0,16405.2,16582.7,246261.155
2022-11-14 20:00:00+00:00,16582.6,16666.0,16165.6,16245.0,124077.126
2022-11-15 00:00:00+00:00,16245.1,16760.1,16182.3,16605.2,98361.129
2022-11-15 04:00:00+00:00,16605.3,16882.1,16516.7,16808.8,73860.468
2022-11-15 08:00:00+00:00,16809.0,16931.8,16628.0,16834.9,77504.2
2022-11-15 12:00:00+00:00,16834.9,16992.0,16695.0,16774.5,112941.80600000001
2022-11-15 16:00:00+00:00,16774.6,17127.2,16720.0,16978.0,173648.811
2022-11-15 20:00:00+00:00,16977.7,17060.8,16606.0,16847.4,144387.38900000002
2022-11-16 00:00:00+00:00,16847.4,16931.1,16728.2,16888.3,67006.784
2022-11-16 04:00:00+00:00,16888.3,17007.4,16756.7,16959.8,55775.350000000006
2022-11-16 08:00:00+00:00,16959.7,16969.0,16786.8,16814.0,53884.306
2022-11-16 12:00:00+00:00,16814.1,16840.6,16634.7,16695.2,95645.149
2022-11-16 16:00:00+00:00,16695.2,16709.2,16358.0,16424.1,194031.471
2022-11-16 20:00:00+00:00,16424.4,16636.8,16391.7,16548.0,77760.102
2022-11-17 00:00:00+00:00,16548.0,16770.6,16486.2,16650.6,60145.267
2022-11-17 04:00:00+00:00,16650.7,16741.7,16499.0,16517.4,49584.823000000004
2022-11-17 08:00:00+00:00,16517.3,16613.5,16403.3,16602.0,60401.824
2022-11-17 12:00:00+00:00,16602.0,16624.7,16456.0,16587.8,54522.159
2022-11-17 16:00:00+00:00,16587.8,16710.0,16420.2,16526.8,121811.053
2022-11-17 20:00:00+00:00,16526.7,16740.0,16508.8,16614.7,80453.463
2022-11-18 00:00:00+00:00,16614.7,16738.0,16603.3,16682.1,42215.963
2022-11-18 04:00:00+00:00,16682.1,16984.4,16672.0,16845.6,97882.789
2022-11-18 08:00:00+00:00,16845.7,16856.3,16716.6,16739.8,49781.49
2022-11-18 12:00:00+00:00,16739.7,16844.9,16666.7,16744.0,66225.10399999999
2022-11-18 16:00:00+00:00,16744.0,16813.7,16600.0,16686.8,74694.988
2022-11-18 20:00:00+00:00,16686.7,16725.9,16541.1,16648.0,66313.304
2022-11-19 00:00:00+00:00,16648.0,16719.7,16611.1,16689.7,33715.167
2022-11-19 04:00:00+00:00,16689.7,16696.8,16566.8,16622.2,26049.832
2022-11-19 08:00:00+00:00,16622.3,16641.7,16543.8,16592.2,27752.994
2022-11-19 12:00:00+00:00,16592.2,16675.2,16574.1,16669.3,24934.679
2022-11-19 16:00:00+00:00,16669.3,16677.7,16624.1,16648.5,23585.962
2022-11-19 20:00:00+00:00,16648.5,16655.0,16600.1,16619.7,19717.220999999998
2022-11-20 00:00:00+00:00,16619.6,16814.5,16619.0,16692.9,49782.227
2022-11-20 04:00:00+00:00,16693.0,16743.9,16658.8,16672.8,26084.956
2022-11-20 08:00:00+00:00,16672.9,16733.3,16660.8,16710.2,19753.533
2022-11-20 12:00:00+00:00,16710.1,16725.9,16458.1,16517.5,87151.423
2022-11-20 16:00:00+00:00,16517.6,16624.9,16454.2,16570.3,55584.194
2022-11-20 20:00:00+00:00,16570.4,16604.0,16520.8,16582.0,23789.303
2022-11-21 00:00:00+00:00,16581.9,16587.7,16167.1,16272.6,115235.805
2022-11-21 04:00:00+00:00,16272.7,16284.3,15888.0,16067.2,135182.528
2022-11-21 08:00:00+00:00,16067.3,16304.3,15947.7,16032.2,105132.269
2022-11-21 12:00:00+00:00,16032.1,16150.0,15955.2,16077.6,80262.718
2022-11-21 16:00:00+00:00,16077.6,16273.0,16020.9,16122.7,94795.644
2022-11-21 20:00:00+00:00,16122.6,16131.7,15555.0,15712.8,200749.225
2022-11-22 00:00:00+00:00,15712.8,15884.1,15443.2,15773.0,174096.981
2022-11-22 04:00:00+00:00,15772.9,15960.0,15740.0,15841.0,80874.678
2022-11-22 08:00:00+00:00,15841.1,15874.4,15610.3,15754.9,80806.481
2022-11-22 12:00:00+00:00,15754.9,15818.6,15653.8,15742.3,73356.371
2022-11-22 16:00:00+00:00,15742.3,16309.0,15680.0,16232.8,212388.676
2022-11-22 20:00:00+00:00,16232.8,16282.4,16040.0,16160.5,85462.525
2022-11-23 00:00:00+00:00,16160.6,16250.0,16080.0,16220.6,46444.913
2022-11-23 04:00:00+00:00,16220.5,16583.4,16155.5,16577.9,123123.2
2022-11-23 08:00:00+00:00,16577.9,16659.1,16439.2,16572.9,65044.727
2022-11-23 12:00:00+00:00,16572.9,16694.0,16489.5,16577.0,75552.908
2022-11-23 16:00:00+00:00,16577.0,16593.5,16338.0,16415.9,104850.367
2022-11-23 20:00:00+00:00,16415.9,16703.4,16313.1,16466.9,117943.54000000001
2022-11-24 00:00:00+00:00,16466.8,16670.0,16415.6,16595.8,60200.168
2022-11-24 04:00:00+00:00,16595.8,16800.0,16528.0,16703.2,82625.707
2022-11-24 08:00:00+00:00,16702.8,16728.6,16605.0,16613.8,49644.644
2022-11-24 12:00:00+00:00,16613.8,16631.1,16481.6,16567.1,65330.769
2022-11-24 16:00:00+00:00,16567.1,16598.0,16450.0,16549.0,57970.098
2022-11-24 20:00:00+00:00,16548.9,16669.6,16506.7,16569.0,67214.977
2022-11-25 00:00:00+00:00,16568.9,16628.0,16527.2,16592.4,28238.222999999998
2022-11-25 04:00:00+00:00,16592.5,16610.0,16460.1,16480.3,42900.709
2022-11-25 08:00:00+00:00,16480.2,16493.4,16331.7,16453.8,67404.034
2022-11-25 12:00:00+00:00,16453.7,16583.9,16400.0,16523.5,58204.123999999996
2022-11-25 16:00:00+00:00,16523.5,16577.9,16432.0,16505.4,63964.805
2022-11-25 20:00:00+00:00,16505.3,16545.6,16451.0,16516.0,34984.583
2022-11-26 00:00:00+00:00,16515.9,16639.9,16471.6,16516.1,39101.861000000004
2022-11-26 04:00:00+00:00,16516.2,16699.1,16505.2,16615.0,51126.185
2022-11-26 08:00:00+00:00,16614.9,16644.3,16522.6,16576.9,37107.204
2022-11-26 12:00:00+00:00,16576.9,16631.5,16549.7,16572.8,32673.18
2022-11-26 16:00:00+00:00,16572.7,16680.0,16471.5,16506.4,60167.627
2022-11-26 20:00:00+00:00,16506.4,16526.0,16413.7,16480.7,34854.19
2022-11-27 00:00:00+00:00,16480.6,16539.9,16369.1,16449.2,37473.273
2022-11-27 04:00:00+00:00,16449.2,16576.1,16441.0,16520.0,29565.552
2022-11-27 08:00:00+00:00,16520.1,16594.2,16519.4,16553.9,27615.709
2022-11-27 12:00:00+00:00,16553.9,16589.0,16505.5,16544.4,31288.273
2022-11-27 16:00:00+00:00,16544.3,16578.4,16510.2,16566.2,27072.493
2022-11-27 20:00:00+00:00,16566.3,16573.5,16513.0,16546.9,21824.618000000002
2022-11-28 00:00:00+00:00,16546.9,16588.0,16396.0,16422.6,52003.700000000004
2022-11-28 04:00:00+00:00,16422.5,16475.0,16040.0,16168.9,147621.71200000003
2022-11-28 08:00:00+00:00,16169.0,16239.1,16131.5,16215.1,41682.953
2022-11-28 12:00:00+00:00,16215.1,16262.7,16170.0,16205.0,41043.244999999995
2022-11-28 16:00:00+00:00,16205.0,16300.0,16101.6,16136.7,87235.407
2022-11-28 20:00:00+00:00,16136.7,16390.4,15984.1,16215.1,154227.497
2022-11-29 00:00:00+00:00,16215.2,16266.9,16181.1,16204.5,25327.055
2022-11-29 04:00:00+00:00,16204.6,16299.9,16088.0,16279.1,52867.266
2022-11-29 08:00:00+00:00,16279.1,16535.0,16272.1,16455.9,94383.908
2022-11-29 12:00:00+00:00,16456.0,16543.0,16422.4,16488.0,58215.199
2022-11-29 16:00:00+00:00,16488.0,16502.8,16312.6,16384.8,95079.754
2022-11-29 20:00:00+00:00,16384.9,16471.5,16335.1,16418.2,53114.858
2022-11-30 00:00:00+00:00,16418.1,16521.9,16415.8,16433.2,37749.869
2022-11-30 04:00:00+00:00,16433.3,17082.2,16421.5,16836.7,191179.202
2022-11-30 08:00:00+00:00,16836.8,16916.3,16811.9,16874.1,51969.614
2022-11-30 12:00:00+00:00,16874.1,16926.2,16830.0,16871.4,37015.75
2022-11-30 16:00:00+00:00,16871.3,16888.5,16750.8,16856.8,83414.94099999999
2022-11-30 20:00:00+00:00,16856.8,17138.7,16700.0,17051.5,169808.829
2022-12-01 00:00:00+00:00,17051.5,17248.3,17018.0,17153.3,86936.614
2022-12-01 04:00:00+00:00,17153.4,17222.1,17080.0,17143.8,57460.869000000006
2022-12-01 08:00:00+00:00,17143.8,17161.1,17054.0,17062.6,38761.809
2022-12-01 12:00:00+00:00,17062.5,17132.9,17030.0,17096.9,42965.272
2022-12-01 16:00:00+00:00,17096.9,17348.5,16887.1,16970.5,186470.492
2022-12-01 20:00:00+00:00,16970.5,16991.7,16893.1,16945.4,49083.591
2022-12-02 00:00:00+00:00,16945.5,16982.4,16851.2,16970.5,36309.276
2022-12-02 04:00:00+00:00,16970.5,17038.0,16852.4,16893.9,50361.076
2022-12-02 08:00:00+00:00,16893.9,16967.2,16874.0,16947.1,26262.364999999998
2022-12-02 12:00:00+00:00,16947.0,17042.2,16925.3,16987.1,41920.501000000004
2022-12-02 16:00:00+00:00,16987.0,17096.3,16760.0,16928.9,142491.482
2022-12-02 20:00:00+00:00,16928.9,16989.2,16894.0,16979.3,34314.667
2022-12-03 00:00:00+00:00,16979.2,17088.4,16971.8,17083.0,39689.123999999996
2022-12-03 04:00:00+00:00,17083.0,17160.0,17002.5,17012.3,35341.121
2022-12-03 08:00:00+00:00,17012.3,17024.7,16915.7,16954.7,33256.132
2022-12-03 12:00:00+00:00,16954.7,16978.0,16881.4,16938.5,35412.513
2022-12-03 16:00:00+00:00,16938.6,16972.8,16912.0,16953.8,25135.470999999998
2022-12-03 20:00:00+00:00,16953.9,16975.0,16930.1,16945.3,18122.143
2022-12-04 00:00:00+00:00,16945.4,16949.0,16850.1,16879.5,37989.862
2022-12-04 04:00:00+00:00,16879.5,17046.0,16874.1,16951.8,38304.993
2022-12-04 08:00:00+00:00,16951.9,17075.9,16951.8,16987.9,37125.210999999996
2022-12-04 12:00:00+00:00,16987.9,17044.9,16892.0,16938.4,41377.136
2022-12-04 16:00:00+00:00,16938.4,17061.6,16908.0,17022.2,52514.795
2022-12-04 20:00:00+00:00,17022.2,17150.0,16965.1,17077.6,84837.954
2022-12-05 00:00:00+00:00,17077.6,17206.2,17061.6,17099.5,37930.779
2022-12-05 04:00:00+00:00,17099.5,17340.0,17068.0,17190.1,86288.459
2022-12-05 08:00:00+00:00,17190.1,17430.0,17185.2,17303.7,113444.67599999999
2022-12-05 12:00:00+00:00,17303.7,17378.3,17270.1,17302.2,54258.229
2022-12-05 16:00:00+00:00,17302.2,17302.2,17010.0,17073.8,117815.961
2022-12-05 20:00:00+00:00,17073.8,17124.6,16860.6,16919.5,107798.87700000001
2022-12-06 00:00:00+00:00,16919.5,16981.1,16892.2,16958.3,40355.188
2022-12-06 04:00:00+00:00,16958.2,17094.6,16957.8,16995.4,53853.208
2022-12-06 08:00:00+00:00,16995.4,17013.6,16949.1,16993.6,33273.403
2022-12-06 12:00:00+00:00,16993.7,17034.7,16899.9,16974.6,57639.534999999996
2022-12-06 16:00:00+00:00,16974.6,17023.3,16920.0,16974.9,69024.42199999999
2022-12-06 20:00:00+00:00,16974.9,17010.0,16901.6,16964.1,56413.953
2022-12-07 00:00:00+00:00,16964.1,17100.0,16946.3,17078.6,51126.092000000004
2022-12-07 04:00:00+00:00,17078.7,17130.0,17011.0,17017.4,42347.691999999995
2022-12-07 08:00:00+00:00,17017.4,17036.6,16719.1,16755.4,97331.109
2022-12-07 12:00:00+00:00,16755.4,16826.0,16655.0,16787.1,68360.933
2022-12-07 16:00:00+00:00,16787.2,16886.5,16754.6,16829.1,70617.018
2022-12-07 20:00:00+00:00,16829.1,16839.7,16768.5,16807.5,34665.520000000004
2022-12-08 00:00:00+00:00,16807.4,16856.8,16783.8,16828.0,24456.653
2022-12-08 04:00:00+00:00,16828.0,16880.0,16772.5,16825.6,38479.412
2022-12-08 08:00:00+00:00,16825.6,16837.7,16776.9,16816.7,28765.766
2022-12-08 12:00:00+00:00,16816.8,16855.1,16710.4,16842.0,44048.422
2022-12-08 16:00:00+00:00,16842.0,16948.7,16792.8,16907.7,88430.3
2022-12-08 20:00:00+00:00,16907.7,17294.9,16901.0,17241.9,143901.415
2022-12-09 00:00:00+00:00,17241.9,17289.0,17144.6,17216.0,58532.02
2022-12-09 04:00:00+00:00,17216.0,17288.7,17179.1,17194.0,42568.695
2022-12-09 08:00:00+00:00,17194.0,17227.1,17180.5,17203.7,23222.115
2022-12-09 12:00:00+00:00,17203.7,17260.6,17190.5,17231.9,34072.588
2022-12-09 16:00:00+00:00,17231.8,17365.4,17060.0,17170.4,130055.394
2022-12-09 20:00:00+00:00,17170.3,17178.5,17112.0,17134.9,28838.384
2022-12-10 00:00:00+00:00,17135.0,17149.0,17052.0,17122.0,31474.006999999998
2022-12-10 04:00:00+00:00,17122.0,17159.9,17106.5,17140.0,19761.717
2022-12-10 08:00:00+00:00,17140.0,17170.2,17122.0,17144.6,17751.415999999997
2022-12-10 12:00:00+00:00,17144.5,17165.0,17105.0,17159.9,20902.227
2022-12-10 16:00:00+00:00,17159.9,17228.6,17132.0,17200.3,36351.612
2022-12-10 20:00:00+00:00,17200.3,17220.0,17151.0,17166.3,20946.808
2022-12-11 00:00:00+00:00,17166.3,17175.6,17081.0,17120.0,26181.427
2022-12-11 04:00:00+00:00,17120.1,17163.4,17114.0,17147.7,16510.061
2022-12-11 08:00:00+00:00,17147.6,17189.0,17144.7,17173.4,18948.471
2022-12-11 12:00:00+00:00,17173.4,17175.6,17132.4,17160.8,16708.791
2022-12-11 16:00:00+00:00,17160.8,17161.1,17121.0,17145.5,19880.891
2022-12-11 20:00:00+00:00,17145.5,17265.0,17124.9,17169.5,46356.06
2022-12-12 00:00:00+00:00,17169.6,17169.7,17060.0,17077.3,52599.837
2022-12-12 04:00:00+00:00,17077.3,17078.6,16865.0,16909.0,93215.464
2022-12-12 08:00:00+00:00,16909.0,16939.0,16894.3,16916.2,27433.055
2022-12-12 12:00:00+00:00,16916.2,16998.9,16895.5,16977.8,36001.638
2022-12-12 16:00:00+00:00,16977.8,17050.0,16912.8,16999.9,71821.147
2022-12-12 20:00:00+00:00,17000.0,17038.4,16973.9,17035.7,25169.941
2022-12-13 00:00:00+00:00,17035.6,17237.9,17035.6,17200.0,82215.013
2022-12-13 04:00:00+00:00,17200.0,17229.0,17114.6,17143.2,36929.287
2022-12-13 08:00:00+00:00,17143.1,17197.9,17076.0,17157.0,55625.343
2022-12-13 12:00:00+00:00,17156.9,17512.9,17146.7,17436.8,122406.12
2022-12-13 16:00:00+00:00,17436.9,18100.0,17390.3,17749.6,263224.25200000004
2022-12-13 20:00:00+00:00,17749.5,17836.8,17617.9,17740.6,85131.14199999999
2022-12-14 00:00:00+00:00,17740.5,17818.0,17704.5,17777.1,33535.147
2022-12-14 04:00:00+00:00,17777.1,17844.9,17749.5,17782.4,30721.609
2022-12-14 08:00:00+00:00,17782.4,17816.7,17734.8,17807.1,22263.983
2022-12-14 12:00:00+00:00,17807.1,17880.0,17784.0,17823.8,37760.719
2022-12-14 16:00:00+00:00,17823.9,18111.5,17814.0,18054.8,137064.63
2022-12-14 20:00:00+00:00,18054.8,18400.0,17704.3,17789.5,301024.945
2022-12-15 00:00:00+00:00,17789.5,17944.4,17659.4,17803.9,98675.813
2022-12-15 04:00:00+00:00,17804.0,17849.5,17560.0,17724.9,74507.679
2022-12-15 08:00:00+00:00,17724.9,17744.3,17675.9,17686.0,27803.765
2022-12-15 12:00:00+00:00,17685.9,17716.6,17608.0,17712.1,52699.528
2022-12-15 16:00:00+00:00,17712.1,17714.6,17355.0,17424.0,146628.881
2022-12-15 20:00:00+00:00,17424.0,17467.7,17310.0,17435.1,78980.398
2022-12-16 00:00:00+00:00,17435.0,17449.7,17258.0,17351.8,56663.786
2022-12-16 04:00:00+00:00,17351.9,17419.9,17338.3,17418.9,35550.559
2022-12-16 08:00:00+00:00,17418.8,17528.0,17365.4,17496.6,41640.97
2022-12-16 12:00:00+00:00,17496.6,17510.5,16910.0,17018.6,188849.287
2022-12-16 16:00:00+00:00,17018.7,17076.9,16870.6,16961.8,107277.504
2022-12-16 20:00:00+00:00,16961.8,16969.5,16700.0,16856.5,114774.62
2022-12-17 00:00:00+00:00,16856.6,16945.6,16521.1,16624.1,134057.305
2022-12-17 04:00:00+00:00,16624.1,16720.2,16571.8,16667.5,66363.998
2022-12-17 08:00:00+00:00,16667.5,16764.0,16647.7,16738.0,45722.67
2022-12-17 12:00:00+00:00,16737.9,16750.0,16652.3,16700.6,37850.073
2022-12-17 16:00:00+00:00,16700.6,16719.4,16633.1,16692.4,40974.804
2022-12-17 20:00:00+00:00,16692.3,16713.4,16639.0,16684.2,23775.354
2022-12-18 00:00:00+00:00,16684.1,16790.0,16677.4,16768.0,33778.373999999996
2022-12-18 04:00:00+00:00,16768.1,16775.0,16695.7,16736.5,19014.025
2022-12-18 08:00:00+00:00,16736.5,16795.0,16709.5,16739.9,26928.603
2022-12-18 12:00:00+00:00,16739.9,16758.7,16656.0,16702.2,35341.455
2022-12-18 16:00:00+00:00,16702.2,16727.9,16663.3,16676.4,25280.386000000002
2022-12-18 20:00:00+00:00,16676.4,16790.0,16670.0,16745.6,41996.189
2022-12-19 00:00:00+00:00,16745.7,16872.0,16715.1,16730.3,37337.555
2022-12-19 04:00:00+00:00,16730.4,16809.6,16620.4,16673.6,49601.728
2022-12-19 08:00:00+00:00,16673.5,16744.0,16664.0,16714.4,28214.603
2022-12-19 12:00:00+00:00,16714.5,16776.6,16702.7,16725.3,27329.823
2022-12-19 16:00:00+00:00,16725.2,16757.7,16656.4,16660.2,54277.784
2022-12-19 20:00:00+00:00,16660.3,16694.9,16511.9,16549.3,97414.221
2022-12-20 00:00:00+00:00,16549.3,16642.1,16210.0,16429.2,87890.393
2022-12-20 04:00:00+00:00,16429.2,16880.2,16390.3,16718.0,109994.556
2022-12-20 08:00:00+00:00,16717.9,16870.0,16682.3,16796.1,69915.337
2022-12-20 12:00:00+00:00,16796.2,16853.0,16755.2,16805.1,47552.517
2022-12-20 16:00:00+00:00,16805.2,17049.6,16684.0,16910.9,131483.196
2022-12-20 20:00:00+00:00,16910.8,16927.5,16763.6,16894.7,81655.657
2022-12-21 00:00:00+00:00,16894.6,16918.7,16825.2,16887.2,35569.835
2022-12-21 04:00:00+00:00,16887.3,16918.2,16776.0,16829.8,33529.575
2022-12-21 08:00:00+00:00,16829.9,16848.2,16761.2,16809.2,27534.062
2022-12-21 12:00:00+00:00,16809.1,16889.2,16788.0,16872.4,31352.995
2022-12-21 16:00:00+00:00,16872.4,16924.2,16694.2,16854.6,72649.874
2022-12-21 20:00:00+00:00,16854.6,16858.6,16717.0,16746.8,36319.229999999996
2022-12-22 00:00:00+00:00,16746.9,16830.7,16721.0,16819.6,26366.599000000002
2022-12-22 04:00:00+00:00,16819.7,16852.8,16802.3,16844.5,19470.669
2022-12-22 08:00:00+00:00,16844.5,16850.0,16778.0,16820.0,20542.364999999998
2022-12-22 12:00:00+00:00,16820.0,16861.9,16794.2,16827.6,27422.832
2022-12-22 16:00:00+00:00,16827.6,16837.6,16600.0,16631.5,98813.975
2022-12-22 20:00:00+00:00,16631.5,16662.8,16556.1,16658.3,63297.216
2022-12-23 00:00:00+00:00,16658.3,16849.4,16643.6,16815.5,77063.904
2022-12-23 04:00:00+00:00,16815.5,16895.0,16764.0,16823.5,40208.22
2022-12-23 08:00:00+00:00,16823.5,16849.0,16801.0,16842.0,24893.707000000002
2022-12-23 12:00:00+00:00,16842.0,16887.8,16805.2,16837.4,30513.335
2022-12-23 16:00:00+00:00,16837.3,16960.0,16690.0,16825.9,123959.289
2022-12-23 20:00:00+00:00,16826.0,16852.5,16806.6,16838.5,18874.204
2022-12-24 00:00:00+00:00,16838.5,16843.0,16762.5,16776.4,26104.665
2022-12-24 04:00:00+00:00,16776.3,16834.7,16774.4,16833.3,15312.893
2022-12-24 08:00:00+00:00,16833.3,16850.0,16797.0,16840.3,15980.866
2022-12-24 12:00:00+00:00,16840.2,16841.0,16814.0,16819.2,12975.412
2022-12-24 16:00:00+00:00,16819.3,16832.1,16807.7,16830.2,12508.365000000002
2022-12-24 20:00:00+00:00,16830.3,16859.9,16815.2,16834.6,12443.844000000001
2022-12-25 00:00:00+00:00,16834.6,16847.1,16803.6,16828.9,13189.41
2022-12-25 04:00:00+00:00,16829.0,16844.0,16815.3,16824.0,8339.966
2022-12-25 08:00:00+00:00,16824.1,16826.2,16788.0,16816.8,13041.858
2022-12-25 12:00:00+00:00,16816.7,16828.1,16808.0,16814.9,10124.306
2022-12-25 16:00:00+00:00,16815.0,16850.0,16700.0,16784.1,58570.278999999995
2022-12-25 20:00:00+00:00,16784.2,16811.3,16723.6,16786.7,29179.355
2022-12-26 00:00:00+00:00,16786.6,16840.2,16746.0,16824.4,24820.078999999998
2022-12-26 04:00:00+00:00,16824.5,16892.0,16813.2,16887.1,28620.905
2022-12-26 08:00:00+00:00,16887.2,16919.8,16830.0,16836.6,24738.987
2022-12-26 12:00:00+00:00,16836.7,16863.0,16811.0,16854.0,20279.232
2022-12-26 16:00:00+00:00,16854.1,16858.9,16781.1,16801.2,26504.163
2022-12-26 20:00:00+00:00,16801.1,16856.5,16792.0,16834.9,21061.266
2022-12-27 00:00:00+00:00,16834.9,16936.8,16810.2,16912.9,26924.146
2022-12-27 04:00:00+00:00,16912.8,16968.0,16830.0,16868.1,42682.907
2022-12-27 08:00:00+00:00,16868.1,16888.0,16843.0,16859.6,15232.9
2022-12-27 12:00:00+00:00,16859.6,16874.8,16800.6,16823.7,30792.726000000002
2022-12-27 16:00:00+00:00,16823.6,16833.4,16723.2,16790.7,66673.069
2022-12-27 20:00:00+00:00,16790.7,16795.4,16580.0,16681.3,78151.443
2022-12-28 00:00:00+00:00,16681.3,16714.1,16646.3,16698.2,29295.519
2022-12-28 04:00:00+00:00,16698.2,16745.0,16541.0,16643.3,58603.691
2022-12-28 08:00:00+00:00,16643.2,16672.3,16580.6,16639.0,40102.069
2022-12-28 12:00:00+00:00,16639.1,16683.9,16623.3,16672.0,27228.635000000002
2022-12-28 16:00:00+00:00,16672.0,16778.3,16560.7,16571.3,96232.22
2022-12-28 20:00:00+00:00,16571.3,16660.0,16555.8,16589.6,48646.397
2022-12-29 00:00:00+00:00,16589.7,16607.3,16455.6,16539.0,73836.846
2022-12-29 04:00:00+00:00,16538.9,16588.6,16485.1,16553.2,34024.879
2022-12-29 08:00:00+00:00,16553.1,16575.3,16529.5,16553.0,22366.398
2022-12-29 12:00:00+00:00,16553.0,16628.6,16514.6,16593.8,40553.131
2022-12-29 16:00:00+00:00,16593.8,16659.0,16584.0,16610.1,52351.625
2022-12-29 20:00:00+00:00,16610.1,16647.8,16589.0,16608.1,26803.582000000002
2022-12-30 00:00:00+00:00,16608.0,16649.0,16551.0,16630.3,32491.916
2022-12-30 04:00:00+00:00,16630.3,16641.1,16576.3,16593.9,19882.213
2022-12-30 08:00:00+00:00,16593.9,16608.5,16410.0,16467.5,62732.71
2022-12-30 12:00:00+00:00,16467.6,16524.9,16453.0,16489.5,38916.057
2022-12-30 16:00:00+00:00,16489.6,16568.5,16320.0,16547.7,104487.149
2022-12-30 20:00:00+00:00,16547.7,16569.8,16510.0,16520.8,34830.474
2022-12-31 00:00:00+00:00,16520.8,16666.6,16520.5,16601.2,34781.886999999995
2022-12-31 04:00:00+00:00,16601.2,16611.5,16546.5,16549.1,15952.362000000001
2022-12-31 08:00:00+00:00,16549.0,16565.6,16530.0,16564.4,15304.144
2022-12-31 12:00:00+00:00,16564.4,16581.8,16538.0,16565.6,18890.316
2022-12-31 16:00:00+00:00,16565.5,16640.0,16546.2,16586.0,37418.928
2022-12-31 20:00:00+00:00,16586.1,16609.3,16562.0,16564.3,15398.52
2023-01-01 00:00:00+00:00,16564.3,16569.7,16461.8,16537.6,31497.886
2023-01-01 04:00:00+00:00,16537.5,16557.1,16504.0,16529.3,14206.373
2023-01-01 08:00:00+00:00,16529.2,16545.7,16488.0,16519.6,17998.501
2023-01-01 12:00:00+00:00,16519.5,16549.8,16496.8,16549.8,15117.276000000002
2023-01-01 16:00:00+00:00,16549.8,16565.9,16524.6,16553.1,15542.884
2023-01-01 20:00:00+00:00,16553.0,16615.8,16552.6,16596.1,25971.415999999997
2023-01-02 00:00:00+00:00,16596.1,16618.8,16579.1,16610.3,16666.515
2023-01-02 04:00:00+00:00,16610.4,16700.7,16541.2,16654.6,36641.746
2023-01-02 08:00:00+00:00,16654.7,16767.8,16612.8,16712.5,53335.472
2023-01-02 12:00:00+00:00,16712.6,16764.0,16696.0,16728.5,37550.631
2023-01-02 16:00:00+00:00,16728.4,16744.8,16665.0,16729.2,35861.236000000004
2023-01-02 20:00:00+00:00,16729.2,16732.9,16702.6,16730.5,16549.997
2023-01-03 00:00:00+00:00,16730.5,16799.0,16650.0,16666.0,35222.094
2023-01-03 04:00:00+00:00,16665.9,16699.7,16639.5,16684.5,22052.463
2023-01-03 08:00:00+00:00,16684.4,16774.0,16675.2,16723.1,29397.355
2023-01-03 12:00:00+00:00,16723.1,16750.5,16691.7,16714.2,22008.402000000002
2023-01-03 16:00:00+00:00,16714.2,16764.9,16610.0,16670.8,73811.27
2023-01-03 20:00:00+00:00,16670.9,16680.1,16600.3,16637.7,35119.475999999995
2023-01-04 00:00:00+00:00,16637.6,16688.2,16636.0,16667.2,20681.239
2023-01-04 04:00:00+00:00,16667.3,16870.0,16645.7,16855.9,70080.09400000001
2023-01-04 08:00:00+00:00,16855.9,16904.4,16832.3,16862.5,44883.714
2023-01-04 12:00:00+00:00,16862.5,16913.6,16824.5,16826.8,34682.195
2023-01-04 16:00:00+00:00,16826.7,16852.1,16759.3,16846.5,60474.144
2023-01-04 20:00:00+00:00,16846.5,16984.6,16777.7,16835.9,109451.837
2023-01-05 00:00:00+00:00,16835.9,16860.9,16766.0,16842.1,30175.854
2023-01-05 04:00:00+00:00,16842.2,16869.0,16800.0,16819.0,19519.003
2023-01-05 08:00:00+00:00,16819.0,16840.7,16782.4,16816.1,16536.811999999998
2023-01-05 12:00:00+00:00,16816.1,16830.0,16775.1,16827.0,23157.987
2023-01-05 16:00:00+00:00,16827.0,16872.8,16740.4,16836.6,68886.546
2023-01-05 20:00:00+00:00,16836.7,16867.8,16794.0,16856.4,29189.477
2023-01-06 00:00:00+00:00,16856.3,16863.4,16810.0,16823.8,19079.522
2023-01-06 04:00:00+00:00,16823.8,16865.0,16795.6,16825.1,21068.091
2023-01-06 08:00:00+00:00,16825.0,16828.0,16773.0,16785.6,23858.147
2023-01-06 12:00:00+00:00,16785.6,16805.3,16685.2,16731.4,43531.809
2023-01-06 16:00:00+00:00,16731.5,16843.0,16664.8,16834.2,102292.922
2023-01-06 20:00:00+00:00,16834.1,16960.0,16801.6,16932.6,57987.085999999996
2023-01-07 00:00:00+00:00,16932.7,17030.0,16881.0,16943.8,68235.574
2023-01-07 04:00:00+00:00,16943.9,16973.6,16924.8,16944.4,18044.048
2023-01-07 08:00:00+00:00,16944.3,16945.0,16915.8,16939.8,10556.131000000001
2023-01-07 12:00:00+00:00,16939.8,16946.4,16903.0,16912.3,13458.257
2023-01-07 16:00:00+00:00,16912.3,16944.0,16900.1,16934.5,16729.551
2023-01-07 20:00:00+00:00,16934.5,16939.6,16910.4,16937.3,9360.224
2023-01-08 00:00:00+00:00,16937.3,16945.8,16922.9,16936.5,9824.894
2023-01-08 04:00:00+00:00,16936.5,16949.3,16905.0,16939.0,15067.481
2023-01-08 08:00:00+00:00,16938.9,16947.5,16927.5,16945.5,7997.895
2023-01-08 12:00:00+00:00,16945.5,16960.0,16917.8,16918.6,15529.951
2023-01-08 16:00:00+00:00,16918.5,17015.6,16912.7,16991.0,27054.754
2023-01-08 20:00:00+00:00,16990.9,17015.1,16910.2,16920.3,31184.043999999998
2023-01-09 00:00:00+00:00,16920.3,17181.1,16916.5,17124.7,60883.193
2023-01-09 04:00:00+00:00,17124.6,17245.1,17098.2,17188.1,85195.766
2023-01-09 08:00:00+00:00,17188.1,17248.0,17171.7,17189.7,35863.212
2023-01-09 12:00:00+00:00,17189.8,17277.7,17180.0,17232.2,50754.112
2023-01-09 16:00:00+00:00,17232.2,17325.0,17181.9,17260.4,80374.648
2023-01-09 20:00:00+00:00,17260.4,17387.8,17259.6,17285.7,77463.239
2023-01-10 00:00:00+00:00,17285.6,17302.3,17118.3,17169.7,70626.832
2023-01-10 04:00:00+00:00,17169.6,17227.7,17140.4,17199.9,27484.953
2023-01-10 08:00:00+00:00,17199.9,17228.0,17181.8,17194.7,18254.506
2023-01-10 12:00:00+00:00,17194.6,17278.0,17181.2,17244.4,37043.974
2023-01-10 16:00:00+00:00,17244.3,17368.7,17204.4,17317.5,92804.006
2023-01-10 20:00:00+00:00,17317.6,17448.0,17273.3,17424.1,73564.943
2023-01-11 00:00:00+00:00,17424.1,17485.4,17393.3,17428.8,48167.989
2023-01-11 04:00:00+00:00,17428.8,17500.0,17360.0,17407.7,42391.318
2023-01-11 08:00:00+00:00,17407.7,17456.0,17380.0,17437.1,25910.734
2023-01-11 12:00:00+00:00,17437.1,17464.0,17399.5,17428.7,24797.868
2023-01-11 16:00:00+00:00,17428.6,17429.7,17306.4,17325.3,62512.096000000005
2023-01-11 20:00:00+00:00,17325.2,17550.9,17320.3,17540.6,86222.612
2023-01-12 00:00:00+00:00,17540.7,18013.2,17501.4,17935.7,144442.478
2023-01-12 04:00:00+00:00,17935.6,18400.0,17902.4,18217.2,167796.474
2023-01-12 08:00:00+00:00,18217.1,18233.0,18070.0,18129.3,51547.123999999996
2023-01-12 12:00:00+00:00,18129.2,18220.0,18062.0,18194.5,45869.521
2023-01-12 16:00:00+00:00,18194.4,18377.4,17907.3,18077.7,322077.479
2023-01-12 20:00:00+00:00,18077.6,19062.5,18045.7,18877.2,328471.599
2023-01-13 00:00:00+00:00,18877.3,19120.0,18758.5,18838.0,124572.56300000001
2023-01-13 04:00:00+00:00,18838.1,18881.7,18711.0,18871.6,48452.132000000005
2023-01-13 08:00:00+00:00,18871.5,18875.4,18770.5,18817.7,30968.559999999998
2023-01-13 12:00:00+00:00,18817.7,19050.0,18803.9,18911.7,102429.25200000001
2023-01-13 16:00:00+00:00,18911.7,19299.2,18801.4,19252.5,200754.386
2023-01-13 20:00:00+00:00,19252.6,19398.0,19053.0,19354.2,170550.15
2023-01-14 00:00:00+00:00,19354.1,19997.8,19307.4,19924.2,253653.35199999998
2023-01-14 04:00:00+00:00,19924.3,21544.0,19882.6,20996.3,400698.97
2023-01-14 08:00:00+00:00,20996.2,21060.0,20801.3,20913.1,75865.279
2023-01-14 12:00:00+00:00,20913.0,21045.0,20257.3,20733.4,208916.95200000002
2023-01-14 16:00:00+00:00,20733.3,21240.0,20544.0,20796.9,186889.05
2023-01-14 20:00:00+00:00,20796.9,20930.5,20670.7,20796.8,78649.063
2023-01-15 00:00:00+00:00,20796.8,21092.0,20773.9,20962.8,59647.369
2023-01-15 04:00:00+00:00,20962.8,21012.0,20556.0,20736.5,96644.10800000001
2023-01-15 08:00:00+00:00,20736.5,20798.0,20673.9,20750.0,34775.593
2023-01-15 12:00:00+00:00,20750.1,20780.0,20581.4,20737.4,63521.557
2023-01-15 16:00:00+00:00,20737.4,21028.0,20661.1,20925.0,82803.419
2023-01-15 20:00:00+00:00,20925.0,21073.8,20670.0,20877.2,106046.834
2023-01-16 00:00:00+00:00,20877.3,20970.0,20750.0,20882.7,44695.047999999995
2023-01-16 04:00:00+00:00,20882.7,21449.3,20780.2,21084.3,175273.72100000002
2023-01-16 08:00:00+00:00,21084.3,21276.0,21048.0,21116.0,55958.606999999996
2023-01-16 12:00:00+00:00,21116.0,21121.7,20619.0,20821.7,101732.641
2023-01-16 16:00:00+00:00,20821.8,21079.9,20606.6,21000.6,114395.111
2023-01-16 20:00:00+00:00,21000.6,21431.0,20921.0,21314.4,133530.799
2023-01-17 00:00:00+00:00,21314.5,21498.0,21056.0,21188.3,85257.322
2023-01-17 04:00:00+00:00,21188.2,21308.9,20827.8,21129.6,81669.204
2023-01-17 08:00:00+00:00,21129.6,21237.0,21062.1,21134.7,40393.627
2023-01-17 12:00:00+00:00,21134.8,21252.0,21077.7,21218.6,49711.091
2023-01-17 16:00:00+00:00,21218.6,21640.0,21024.3,21175.6,233119.434
2023-01-17 20:00:00+00:00,21175.7,21426.0,21080.3,21337.2,86362.443
2023-01-18 00:00:00+00:00,21337.3,21410.8,21123.1,21130.9,56134.794
2023-01-18 04:00:00+00:00,21130.8,21376.3,21103.6,21254.1,58477.632
2023-01-18 08:00:00+00:00,21254.1,21317.9,21226.6,21307.7,26297.724000000002
2023-01-18 12:00:00+00:00,21307.8,21318.1,21132.1,21201.6,45098.726
2023-01-18 16:00:00+00:00,21201.7,21672.0,20810.0,21035.5,269472.012
2023-01-18 20:00:00+00:00,21035.5,21138.0,20386.0,20905.1,320910.719
2023-01-19 00:00:00+00:00,20905.0,20937.8,20621.1,20680.0,93528.704
2023-01-19 04:00:00+00:00,20680.1,20822.0,20659.9,20748.9,43011.055
2023-01-19 08:00:00+00:00,20748.9,20882.0,20745.1,20818.2,31250.694
2023-01-19 12:00:00+00:00,20818.2,20848.0,20707.4,20741.3,39443.519
2023-01-19 16:00:00+00:00,20741.3,20962.7,20661.0,20870.7,108038.963
2023-01-19 20:00:00+00:00,20870.8,21140.0,20786.8,21090.0,86336.685
2023-01-20 00:00:00+00:00,21090.1,21183.9,20913.4,21068.3,66652.701
2023-01-20 04:00:00+00:00,21068.3,21223.2,21011.4,21086.2,49417.658
2023-01-20 08:00:00+00:00,21086.2,21125.0,20856.4,20954.2,54029.169
2023-01-20 12:00:00+00:00,20954.1,20991.9,20895.4,20957.6,33135.271
2023-01-20 16:00:00+00:00,20957.5,21250.0,20952.2,21139.7,103649.424
2023-01-20 20:00:00+00:00,21139.7,21535.0,21136.1,21494.2,157224.305
2023-01-21 00:00:00+00:00,21494.1,22750.0,21493.8,22661.1,326189.373
2023-01-21 04:00:00+00:00,22661.0,22812.4,22422.0,22541.7,91102.531
2023-01-21 08:00:00+00:00,22541.8,22678.6,22511.2,22631.5,32823.977
2023-01-21 12:00:00+00:00,22631.6,23330.0,22555.0,22903.5,266330.182
2023-01-21 16:00:00+00:00,22903.5,23288.0,22847.8,22996.2,145710.162
2023-01-21 20:00:00+00:00,22996.2,23390.0,22980.0,23271.9,130707.129
2023-01-22 00:00:00+00:00,23271.9,23298.2,22670.0,22781.9,98007.119
2023-01-22 04:00:00+00:00,22781.8,22974.3,22600.2,22766.1,77074.223
2023-01-22 08:00:00+00:00,22766.0,22967.0,22720.0,22893.2,41651.721
2023-01-22 12:00:00+00:00,22893.2,22934.1,22733.0,22785.5,45038.944
2023-01-22 16:00:00+00:00,22785.6,23080.2,22631.1,22792.9,106358.408
2023-01-22 20:00:00+00:00,22793.0,22962.8,22681.0,22720.0,72710.666
2023-01-23 00:00:00+00:00,22720.0,22770.0,22287.0,22704.6,139695.849
2023-01-23 04:00:00+00:00,22704.7,22825.9,22645.6,22657.6,47573.102
2023-01-23 08:00:00+00:00,22657.6,22793.3,22596.8,22692.4,36713.329
2023-01-23 12:00:00+00:00,22692.4,22960.0,22661.9,22906.5,68826.107
2023-01-23 16:00:00+00:00,22906.4,23160.0,22500.0,22852.0,183939.26799999998
2023-01-23 20:00:00+00:00,22852.1,23193.1,22653.0,22789.6,135640.765
2023-01-24 00:00:00+00:00,22789.6,23043.9,22756.1,22913.1,53110.269
2023-01-24 04:00:00+00:00,22913.3,23142.0,22863.3,23078.2,51857.971
2023-01-24 08:00:00+00:00,23078.2,23158.7,23000.0,23052.3,37575.799999999996
2023-01-24 12:00:00+00:00,23052.3,23086.4,22760.0,22912.0,80599.10399999999
2023-01-24 16:00:00+00:00,22912.1,23036.0,22677.9,22924.0,126440.595
2023-01-24 20:00:00+00:00,22924.0,23085.1,22782.0,23015.0,67270.843
2023-01-25 00:00:00+00:00,23015.1,23073.6,22450.0,22627.4,141871.503
2023-01-25 04:00:00+00:00,22627.5,22699.0,22310.5,22641.0,97898.966
2023-01-25 08:00:00+00:00,22641.1,22766.7,22600.0,22703.9,34838.121
2023-01-25 12:00:00+00:00,22703.9,22730.0,22460.8,22595.9,57559.621
2023-01-25 16:00:00+00:00,22595.8,22747.1,22327.2,22573.3,127913.984
2023-01-25 20:00:00+00:00,22573.4,22757.0,22508.1,22743.4,64912.438
2023-01-26 00:00:00+00:00,22743.4,23837.4,22743.4,23060.6,309663.477
2023-01-26 04:00:00+00:00,23060.6,23278.7,23040.1,23129.4,61160.895000000004
2023-01-26 08:00:00+00:00,23129.5,23189.3,22885.7,22961.3,50565.793000000005
2023-01-26 12:00:00+00:00,22961.3,23041.1,22843.8,22985.4,54116.524
2023-01-26 16:00:00+00:00,22985.4,23241.9,22856.0,22947.3,155481.049
2023-01-26 20:00:00+00:00,22947.2,23099.1,22850.0,23063.4,64169.464
2023-01-27 00:00:00+00:00,23063.4,23161.0,22955.0,23001.9,42267.061
2023-01-27 04:00:00+00:00,23001.9,23068.7,22516.6,22762.2,86055.897
2023-01-27 08:00:00+00:00,22762.2,23098.0,22750.0,23068.1,58836.674
2023-01-27 12:00:00+00:00,23068.1,23080.0,22900.1,22964.5,38844.896
2023-01-27 16:00:00+00:00,22964.4,23145.3,22830.0,22928.8,121070.96100000001
2023-01-27 20:00:00+00:00,22928.8,23280.2,22919.0,23246.7,84096.917
2023-01-28 00:00:00+00:00,23246.8,23500.0,22940.0,23068.0,121014.962
2023-01-28 04:00:00+00:00,23068.1,23185.0,23033.9,23109.0,30607.076
2023-01-28 08:00:00+00:00,23108.9,23124.3,22942.9,22984.3,29492.397
2023-01-28 12:00:00+00:00,22984.3,23011.4,22880.0,22973.4,36651.176
2023-01-28 16:00:00+00:00,22973.4,23038.0,22870.8,23004.7,49477.228
2023-01-28 20:00:00+00:00,23004.6,23050.6,22968.1,23033.1,19771.548
2023-01-29 00:00:00+00:00,23033.2,23036.2,22935.1,23015.9,20401.518
2023-01-29 04:00:00+00:00,23016.0,23520.0,22961.5,23190.0,125541.185
2023-01-29 08:00:00+00:00,23190.0,23266.0,23143.1,23200.4,26823.648
2023-01-29 12:00:00+00:00,23200.4,23680.0,23151.0,23430.0,114678.62900000002
2023-01-29 16:00:00+00:00,23430.0,23675.8,23351.6,23522.7,88615.332
2023-01-29 20:00:00+00:00,23522.7,23962.7,23473.7,23896.6,134522.96000000002
2023-01-30 00:00:00+00:00,23896.5,23910.1,23600.0,23740.3,71846.477
2023-01-30 04:00:00+00:00,23740.2,23804.6,23568.0,23700.8,50623.845
2023-01-30 08:00:00+00:00,23700.8,23767.0,23600.0,23648.1,35817.695999999996
2023-01-30 12:00:00+00:00,23648.0,23678.6,23001.0,23075.2,178463.464
2023-01-30 16:00:00+00:00,23075.2,23295.8,22930.0,23178.6,114367.727
2023-01-30 20:00:00+00:00,23178.6,23247.0,22600.0,22783.7,110669.265
2023-01-31 00:00:00+00:00,22783.6,22837.0,22484.2,22819.9,82595.41
2023-01-31 04:00:00+00:00,22819.9,22913.6,22715.3,22826.7,45917.886
2023-01-31 08:00:00+00:00,22826.6,22980.0,22735.5,22967.7,43431.989
2023-01-31 12:00:00+00:00,22967.7,22986.8,22803.0,22856.9,46060.100000000006
2023-01-31 16:00:00+00:00,22857.0,23200.0,22843.4,23113.9,113354.58499999999
2023-01-31 20:00:00+00:00,23114.0,23221.6,23072.8,23154.6,49408.861000000004
2023-02-01 00:00:00+00:00,23154.6,23330.0,22804.0,23119.4,105553.545
2023-02-01 04:00:00+00:00,23119.5,23177.7,22988.0,23127.3,41016.975
2023-02-01 08:00:00+00:00,23127.4,23160.4,23011.5,23071.0,33068.509
2023-02-01 12:00:00+00:00,23070.9,23100.0,22911.3,23076.1,50557.369999999995
2023-02-01 16:00:00+00:00,23076.1,23143.6,22935.3,22975.7,71259.33600000001
2023-02-01 20:00:00+00:00,22975.6,23495.0,22747.0,23379.9,215468.36800000002
2023-02-02 00:00:00+00:00,23379.8,23852.4,23320.0,23730.0,160059.153
2023-02-02 04:00:00+00:00,23730.1,24281.4,23694.5,23852.2,136849.095
2023-02-02 08:00:00+00:00,23852.1,23927.5,23660.0,23787.0,48942.495
2023-02-02 12:00:00+00:00,23787.0,23860.0,23750.4,23827.0,34286.886
2023-02-02 16:00:00+00:00,23827.0,23950.0,23520.0,23843.3,152792.644
2023-02-02 20:00:00+00:00,23843.4,24149.0,23723.5,23804.9,131579.73200000002
2023-02-03 00:00:00+00:00,23804.8,23933.5,23365.0,23493.1,111289.486
2023-02-03 04:00:00+00:00,23493.0,23592.0,23412.0,23534.9,53873.247
2023-02-03 08:00:00+00:00,23535.0,23568.5,23450.0,23457.1,25571.08
2023-02-03 12:00:00+00:00,23457.1,23540.0,23328.8,23532.9,57784.896
2023-02-03 16:00:00+00:00,23532.9,23712.7,23222.0,23601.1,189870.022
2023-02-03 20:00:00+00:00,23601.1,23719.9,23296.4,23308.2,91933.801
2023-02-04 00:00:00+00:00,23308.2,23465.4,23201.0,23424.7,51798.392
2023-02-04 04:00:00+00:00,23424.7,23464.0,23330.1,23340.8,26184.717
2023-02-04 08:00:00+00:00,23340.8,23358.2,23250.0,23322.4,28301.188
2023-02-04 12:00:00+00:00,23322.4,23376.8,23288.3,23359.2,19759.758
2023-02-04 16:00:00+00:00,23359.2,23591.4,23335.4,23420.1,70032.864
2023-02-04 20:00:00+00:00,23420.1,23474.4,23355.0,23427.3,25724.048
2023-02-05 00:00:00+00:00,23427.4,23450.0,23258.0,23322.6,27115.818
2023-02-05 04:00:00+00:00,23322.6,23367.5,23211.0,23343.4,34347.877
2023-02-05 08:00:00+00:00,23343.3,23436.0,23327.5,23377.0,20096.361
2023-02-05 12:00:00+00:00,23377.0,23418.7,23344.6,23354.1,20554.304
2023-02-05 16:00:00+00:00,23354.2,23373.6,23000.0,23094.2,103064.49100000001
2023-02-05 20:00:00+00:00,23094.2,23155.5,22741.0,22889.5,131414.742
2023-02-06 00:00:00+00:00,22889.6,23025.0,22787.8,22929.2,47187.259
2023-02-06 04:00:00+00:00,22929.3,23094.0,22817.1,22891.9,41294.353
2023-02-06 08:00:00+00:00,22892.0,22924.0,22600.0,22873.0,59449.417
2023-02-06 12:00:00+00:00,22873.1,22935.0,22733.9,22876.1,48625.312
2023-02-06 16:00:00+00:00,22876.1,23054.9,22735.0,23040.5,94677.28
2023-02-06 20:00:00+00:00,23040.5,23159.4,22922.2,23026.2,105678.62599999999
2023-02-07 00:00:00+00:00,23026.3,23026.3,22622.1,22757.7,67435.155
2023-02-07 04:00:00+00:00,22757.8,22897.2,22742.4,22870.9,36711.888999999996
2023-02-07 08:00:00+00:00,22870.9,22977.8,22854.8,22905.6,30656.926
2023-02-07 12:00:00+00:00,22905.5,23061.0,22854.8,22970.4,48655.029
2023-02-07 16:00:00+00:00,22970.4,23032.1,22869.0,22898.8,52655.275
2023-02-07 20:00:00+00:00,22898.9,23368.6,22762.0,23086.1,209739.14500000002
2023-02-08 00:00:00+00:00,23086.1,23300.0,23024.3,23234.1,68855.23
2023-02-08 04:00:00+00:00,23234.1,23450.0,23220.3,23250.6,49143.645
2023-02-08 08:00:00+00:00,23250.5,23283.5,23173.7,23226.9,24682.484
2023-02-08 12:00:00+00:00,23227.0,23232.2,23123.1,23152.8,32606.039
2023-02-08 16:00:00+00:00,23152.8,23194.3,22849.9,22862.4,103077.568
2023-02-08 20:00:00+00:00,22862.4,23029.9,22662.9,22867.3,131915.737
2023-02-09 00:00:00+00:00,22867.4,22977.0,22766.4,22955.9,42040.008
2023-02-09 04:00:00+00:00,22955.9,23007.8,22407.5,22511.6,114802.191
2023-02-09 08:00:00+00:00,22511.6,22731.8,22341.1,22668.7,83990.713
2023-02-09 12:00:00+00:00,22668.8,22766.0,22648.1,22677.4,42168.627
2023-02-09 16:00:00+00:00,22677.5,22840.0,22550.0,22603.8,112744.024
2023-02-09 20:00:00+00:00,22603.8,22614.7,21862.1,22027.3,212791.892
2023-02-10 00:00:00+00:00,22027.3,22074.5,21684.7,21793.4,165797.903
2023-02-10 04:00:00+00:00,21793.3,21933.8,21751.1,21817.5,45873.626
2023-02-10 08:00:00+00:00,21817.5,21914.0,21595.8,21901.9,68530.266
2023-02-10 12:00:00+00:00,21902.0,21917.8,21707.2,21726.6,48382.894
2023-02-10 16:00:00+00:00,21726.7,21897.0,21484.0,21649.0,120581.027
2023-02-10 20:00:00+00:00,21648.9,21794.4,21550.1,21764.0,86735.68
2023-02-11 00:00:00+00:00,21764.0,21785.4,21405.0,21618.6,69883.004
2023-02-11 04:00:00+00:00,21618.6,21718.8,21594.4,21668.8,34549.115000000005
2023-02-11 08:00:00+00:00,21668.8,21704.9,21630.6,21681.9,17658.503
2023-02-11 12:00:00+00:00,21681.9,21696.2,21646.6,21689.2,16676.368000000002
2023-02-11 16:00:00+00:00,21689.2,21770.0,21651.1,21727.0,37452.032999999996
2023-02-11 20:00:00+00:00,21726.9,21728.7,21600.0,21652.6,34876.801
2023-02-12 00:00:00+00:00,21652.6,21891.9,21635.5,21851.3,48036.846999999994
2023-02-12 04:00:00+00:00,21851.2,21874.7,21752.9,21772.1,23886.521
2023-02-12 08:00:00+00:00,21772.1,21806.9,21754.0,21788.2,13809.719000000001
2023-02-12 12:00:00+00:00,21788.2,21959.0,21788.1,21877.6,38816.768000000004
2023-02-12 16:00:00+00:00,21877.6,22000.5,21750.0,21931.4,66423.472
2023-02-12 20:00:00+00:00,21931.4,22080.9,21901.0,21983.1,57543.929000000004
2023-02-13 00:00:00+00:00,21983.1,22018.5,21618.0,21771.1,76306.684
2023-02-13 04:00:00+00:00,21771.0,21865.4,21606.0,21800.9,67134.107
2023-02-13 08:00:00+00:00,21800.9,21888.0,21781.5,21857.2,37460.868
2023-02-13 12:00:00+00:00,21857.1,21865.1,21410.0,21595.9,140932.155
2023-02-13 16:00:00+00:00,21595.9,21688.0,21544.8,21553.3,76257.79699999999
2023-02-13 20:00:00+00:00,21553.3,21668.0,21338.0,21597.8,134846.671
2023-02-14 00:00:00+00:00,21597.9,21840.0,21552.5,21766.2,54964.095
2023-02-14 04:00:00+00:00,21766.1,21806.5,21670.8,21691.8,31405.193
2023-02-14 08:00:00+00:00,21691.8,21780.0,21676.5,21759.9,24174.292
2023-02-14 12:00:00+00:00,21760.0,21880.0,21659.1,21798.9,47434.581
2023-02-14 16:00:00+00:00,21798.9,22320.0,21485.2,22033.3,325421.325
2023-02-14 20:00:00+00:00,22033.4,22230.8,21910.2,22196.7,121281.49100000001
2023-02-15 00:00:00+00:00,22196.8,22275.0,22110.4,22187.4,49074.627
2023-02-15 04:00:00+00:00,22187.4,22190.8,22038.5,22088.9,35580.16
2023-02-15 08:00:00+00:00,22088.9,22164.4,22061.2,22097.5,23896.173000000003
2023-02-15 12:00:00+00:00,22097.4,22500.0,22075.9,22433.0,86066.32699999999
2023-02-15 16:00:00+00:00,22433.0,22924.9,22432.9,22798.1,207159.10700000002
2023-02-15 20:00:00+00:00,22798.0,23345.7,22730.1,23310.6,165039.21600000001
2023-02-16 00:00:00+00:00,23310.6,24420.0,23285.9,24332.6,306935.488
2023-02-16 04:00:00+00:00,24332.7,24934.1,24287.0,24741.0,149506.526
2023-02-16 08:00:00+00:00,24741.0,24764.6,24427.0,24630.8,85116.457
2023-02-16 12:00:00+00:00,24630.8,24678.0,24520.9,24580.0,48543.148
2023-02-16 16:00:00+00:00,24580.0,25104.8,24312.0,25090.2,214278.319
2023-02-16 20:00:00+00:00,25090.2,25290.0,24620.0,24879.0,224316.013
2023-02-17 00:00:00+00:00,24879.1,24884.1,23518.0,23526.6,237702.696
2023-02-17 04:00:00+00:00,23526.6,23924.7,23350.0,23839.1,125666.63
2023-02-17 08:00:00+00:00,23839.0,23885.7,23612.0,23636.0,59676.035
2023-02-17 12:00:00+00:00,23635.9,23870.0,23520.0,23792.6,80667.332
2023-02-17 16:00:00+00:00,23792.6,24293.6,23701.1,24131.4,225818.46600000001
2023-02-17 20:00:00+00:00,24131.3,24562.9,23916.0,24526.7,205070.186
2023-02-18 00:00:00+00:00,24526.8,25043.2,24031.1,24581.5,225818.499
2023-02-18 04:00:00+00:00,24581.3,24799.2,24502.6,24619.9,50759.107
2023-02-18 08:00:00+00:00,24619.9,24684.8,24430.6,24522.8,34345.925
2023-02-18 12:00:00+00:00,24522.7,24614.0,24436.4,24525.6,36886.129
2023-02-18 16:00:00+00:00,24525.7,24750.0,24494.4,24670.0,55534.134999999995
2023-02-18 20:00:00+00:00,24670.0,24887.5,24564.0,24610.1,61293.542
2023-02-19 00:00:00+00:00,24610.0,24673.4,24516.7,24636.9,22736.718
2023-02-19 04:00:00+00:00,24636.8,24777.0,24626.5,24687.0,29006.051
2023-02-19 08:00:00+00:00,24687.0,24867.6,24553.6,24576.7,59061.967
2023-02-19 12:00:00+00:00,24576.6,24710.4,24556.9,24665.4,34964.341
2023-02-19 16:00:00+00:00,24665.3,25073.5,24655.7,24929.7,103284.266
2023-02-19 20:00:00+00:00,24929.7,25200.0,24259.2,24512.5,235530.47499999998
2023-02-20 00:00:00+00:00,24512.5,24578.4,24179.4,24265.9,81659.52799999999
2023-02-20 04:00:00+00:00,24265.9,24471.1,23827.0,24414.9,127984.816
2023-02-20 08:00:00+00:00,24414.9,24555.5,24398.7,24500.1,50498.564
2023-02-20 12:00:00+00:00,24500.1,24990.0,24361.2,24895.9,159438.885
2023-02-20 16:00:00+00:00,24896.0,25140.0,24720.2,24944.6,167345.352
2023-02-20 20:00:00+00:00,24944.7,24955.1,24585.1,24878.5,102254.274
2023-02-21 00:00:00+00:00,24878.4,24891.5,24651.2,24849.9,38879.181
2023-02-21 04:00:00+00:00,24849.9,25120.0,24787.2,24926.2,76679.867
2023-02-21 08:00:00+00:00,24926.2,25053.9,24855.2,25004.6,46758.131
2023-02-21 12:00:00+00:00,25004.6,25347.6,24525.0,24572.6,217844.464
2023-02-21 16:00:00+00:00,24572.6,24786.6,24388.0,24554.0,141571.537
2023-02-21 20:00:00+00:00,24554.0,24745.0,24267.2,24607.7,140748.886
2023-02-22 00:00:00+00:00,24607.7,24640.2,24150.0,24443.4,105687.69
2023-02-22 04:00:00+00:00,24443.3,24468.5,23851.5,24198.8,128324.856
2023-02-22 08:00:00+00:00,24198.7,24220.2,23925.5,24059.6,84541.648
2023-02-22 12:00:00+00:00,24059.5,24215.9,23855.3,24156.4,93248.82800000001
2023-02-22 16:00:00+00:00,24156.4,24231.7,23621.0,23707.8,185032.01499999998
2023-02-22 20:00:00+00:00,23707.5,23970.0,23572.0,23781.7,157258.798
2023-02-23 00:00:00+00:00,23781.7,24209.6,23730.0,24171.3,82007.956
2023-02-23 04:00:00+00:00,24171.3,24588.0,24115.0,24444.3,105146.844
2023-02-23 08:00:00+00:00,24444.3,24516.0,24301.1,24365.3,53133.369999999995
2023-02-23 12:00:00+00:00,24365.2,24483.0,23630.0,23767.6,159754.62900000002
2023-02-23 16:00:00+00:00,23767.6,24215.0,23590.0,23940.0,246653.668
2023-02-23 20:00:00+00:00,23940.0,24047.4,23711.5,23962.2,126451.88
2023-02-24 00:00:00+00:00,23962.3,24061.6,23750.0,23928.8,60199.023
2023-02-24 04:00:00+00:00,23928.7,24138.6,23879.0,23945.1,59502.415
2023-02-24 08:00:00+00:00,23945.1,23974.6,23754.0,23821.5,55400.746
2023-02-24 12:00:00+00:00,23821.6,23970.0,23741.5,23876.4,60283.248999999996
2023-02-24 16:00:00+00:00,23876.3,24029.3,23310.5,23337.2,231721.267
2023-02-24 20:00:00+00:00,23337.1,23339.3,22800.0,23172.3,235087.972
2023-02-25 00:00:00+00:00,23172.3,23333.0,22966.0,23175.6,89582.293
2023-02-25 04:00:00+00:00,23175.5,23210.5,23032.0,23064.9,32612.85
2023-02-25 08:00:00+00:00,23064.9,23119.1,23010.1,23108.7,26914.175
2023-02-25 12:00:00+00:00,23108.7,23147.6,22897.4,22974.0,59947.25
2023-02-25 16:00:00+00:00,22973.9,23075.0,22845.6,22996.4,61274.986
2023-02-25 20:00:00+00:00,22996.4,23078.7,22905.0,22975.7,46659.541
2023-02-26 00:00:00+00:00,22975.7,23176.1,22700.0,23146.2,83386.846
2023-02-26 04:00:00+00:00,23146.2,23243.2,23050.0,23201.8,38352.322
2023-02-26 08:00:00+00:00,23201.8,23217.8,23077.2,23142.7,31491.179
2023-02-26 12:00:00+00:00,23142.8,23286.5,23102.8,23244.2,42192.201
2023-02-26 16:00:00+00:00,23244.2,23332.4,23115.4,23239.7,63502.842000000004
2023-02-26 20:00:00+00:00,23239.8,23533.0,23130.0,23491.0,93742.282
2023-02-27 00:00:00+00:00,23491.0,23675.0,23310.0,23545.3,102114.23
2023-02-27 04:00:00+00:00,23545.2,23634.9,23424.4,23541.0,47678.291
2023-02-27 08:00:00+00:00,23541.0,23547.0,23331.0,23411.1,53778.498
2023-02-27 12:00:00+00:00,23411.1,23445.9,23320.0,23420.0,46822.503
2023-02-27 16:00:00+00:00,23419.9,23888.0,23369.1,23546.5,184987.74800000002
2023-02-27 20:00:00+00:00,23546.5,23603.9,23140.0,23262.5,166667.763
2023-02-28 00:00:00+00:00,23262.5,23580.0,23088.0,23480.0,76820.163
2023-02-28 04:00:00+00:00,23480.0,23539.0,23336.0,23454.3,44084.232
2023-02-28 08:00:00+00:00,23454.3,23456.2,23210.0,23223.3,44074.367
2023-02-28 12:00:00+00:00,23223.4,23420.0,23190.2,23381.6,51908.369999999995
2023-02-28 16:00:00+00:00,23381.5,23571.1,23300.5,23511.2,126298.911
2023-02-28 20:00:00+00:00,23511.1,23592.8,23195.1,23251.0,90462.65599999999
2023-03-01 00:00:00+00:00,23251.1,23333.4,23010.0,23129.6,100091.30200000001
2023-03-01 04:00:00+00:00,23129.7,23488.2,23008.4,23431.6,94869.432
2023-03-01 08:00:00+00:00,23431.6,23852.6,23414.8,23709.6,119744.837
2023-03-01 12:00:00+00:00,23709.6,24022.7,23670.3,23736.8,87997.318
2023-03-01 16:00:00+00:00,23736.9,23880.0,23558.0,23702.8,137452.515
2023-03-01 20:00:00+00:00,23702.9,23739.0,23316.3,23342.9,97637.359
2023-03-02 00:00:00+00:00,23342.8,23667.5,23281.6,23619.8,79548.85
2023-03-02 04:00:00+00:00,23619.8,23790.5,23414.1,23487.1,66503.537
2023-03-02 08:00:00+00:00,23487.1,23535.9,23325.0,23381.9,49671.496
2023-03-02 12:00:00+00:00,23381.8,23460.0,23326.3,23405.6,48950.758
2023-03-02 16:00:00+00:00,23405.7,23422.8,23183.0,23350.3,124403.213
2023-03-02 20:00:00+00:00,23350.3,23497.0,23222.1,23456.6,77176.89600000001
2023-03-03 00:00:00+00:00,23456.7,23560.0,23372.2,23457.1,52550.701
2023-03-03 04:00:00+00:00,23457.1,23468.5,21883.2,22306.3,265796.815
2023-03-03 08:00:00+00:00,22306.4,22399.0,22234.0,22347.8,58370.469
2023-03-03 12:00:00+00:00,22347.8,22474.0,22300.0,22333.9,48913.566
2023-03-03 16:00:00+00:00,22333.9,22495.2,22120.1,22323.9,111464.429
2023-03-03 20:00:00+00:00,22324.0,22437.9,22217.2,22348.3,64926.045999999995
2023-03-04 00:00:00+00:00,22348.3,22366.0,22126.0,22342.8,59046.812000000005
2023-03-04 04:00:00+00:00,22342.8,22379.2,22312.1,22339.4,24078.215
2023-03-04 08:00:00+00:00,22339.4,22400.0,22262.2,22346.6,29930.134000000002
2023-03-04 12:00:00+00:00,22346.6,22367.4,22311.0,22338.1,17632.287
2023-03-04 16:00:00+00:00,22338.0,22390.0,22292.9,22306.3,22528.758
2023-03-04 20:00:00+00:00,22306.2,22335.5,22204.0,22238.7,29511.608
2023-03-05 00:00:00+00:00,22238.7,22358.5,22147.5,22335.7,51628.209
2023-03-05 04:00:00+00:00,22335.8,22650.0,22174.9,22374.2,113479.71699999999
2023-03-05 08:00:00+00:00,22374.2,22461.8,22354.2,22365.2,30140.514
2023-03-05 12:00:00+00:00,22365.2,22439.6,22302.0,22380.1,31592.0
2023-03-05 16:00:00+00:00,22380.1,22480.0,22380.1,22424.4,32097.491
2023-03-05 20:00:00+00:00,22424.5,22450.6,22357.0,22394.0,21185.383
2023-03-06 00:00:00+00:00,22394.0,22555.0,22310.0,22419.4,53766.64
2023-03-06 04:00:00+00:00,22419.3,22499.4,22240.1,22378.0,65552.847
2023-03-06 08:00:00+00:00,22378.0,22429.6,22306.0,22380.9,27604.231
2023-03-06 12:00:00+00:00,22380.9,22443.9,22345.3,22370.0,29029.706
2023-03-06 16:00:00+00:00,22369.9,22594.5,22348.0,22543.6,69925.596
2023-03-06 20:00:00+00:00,22543.6,22576.1,22350.0,22382.8,72720.927
2023-03-07 00:00:00+00:00,22382.9,22437.5,22307.9,22397.1,34143.09
2023-03-07 04:00:00+00:00,22397.1,22550.0,22364.2,22449.1,38691.872
2023-03-07 08:00:00+00:00,22449.1,22467.8,22402.5,22408.4,18027.854
2023-03-07 12:00:00+00:00,22408.5,22419.7,22303.3,22339.8,42943.905
2023-03-07 16:00:00+00:00,22339.8,22482.6,21908.0,22307.5,241400.376
2023-03-07 20:00:00+00:00,22307.6,22387.6,22039.0,22118.6,111947.459
2023-03-08 00:00:00+00:00,22118.5,22223.4,21929.0,22187.1,95482.633
2023-03-08 04:00:00+00:00,22187.1,22276.4,22073.3,22141.8,51149.471000000005
2023-03-08 08:00:00+00:00,22141.8,22155.5,21800.0,21962.2,89535.71100000001
2023-03-08 12:00:00+00:00,21962.2,22135.0,21932.8,22061.2,56848.316999999995
2023-03-08 16:00:00+00:00,22061.1,22222.0,21880.0,22129.5,148584.45899999997
2023-03-08 20:00:00+00:00,22129.6,22209.2,21936.0,21993.7,77456.277
2023-03-09 00:00:00+00:00,21993.8,22127.4,21540.5,21695.4,124293.73199999999
2023-03-09 04:00:00+00:00,21695.3,21798.0,21616.5,21762.6,53609.885
2023-03-09 08:00:00+00:00,21762.6,21766.0,21660.0,21680.9,30228.746
2023-03-09 12:00:00+00:00,21680.9,21694.5,21511.1,21664.4,84936.59
2023-03-09 16:00:00+00:00,21664.4,21823.0,21550.0,21637.4,128925.274
2023-03-09 20:00:00+00:00,21637.4,21666.4,20750.0,20845.6,317672.04099999997
2023-03-10 00:00:00+00:00,20845.6,20858.4,20003.5,20348.3,336530.824
2023-03-10 04:00:00+00:00,20348.4,20351.8,19752.0,20042.1,228402.26400000002
2023-03-10 08:00:00+00:00,20042.1,20052.0,19757.0,19942.9,144189.872
2023-03-10 12:00:00+00:00,19943.0,19967.6,19521.6,19750.0,189712.34
2023-03-10 16:00:00+00:00,19749.9,20293.0,19650.0,19995.0,377610.37
2023-03-10 20:00:00+00:00,19995.0,20298.0,19815.6,20015.3,193622.34
2023-03-11 00:00:00+00:00,20014.5,20232.5,19835.0,20140.3,104598.079
2023-03-11 04:00:00+00:00,20140.3,20674.5,20124.8,20381.2,207973.49099999998
2023-03-11 08:00:00+00:00,20381.3,20424.7,19812.2,19844.3,139732.217
2023-03-11 12:00:00+00:00,19844.4,20200.0,19752.5,20077.6,150200.028
2023-03-11 16:00:00+00:00,20077.5,20195.0,20017.3,20052.3,70208.55
2023-03-11 20:00:00+00:00,20052.3,20348.3,19968.3,20210.0,96711.73700000001
2023-03-12 00:00:00+00:00,20209.9,20531.0,20206.7,20447.3,88653.535
2023-03-12 04:00:00+00:00,20447.3,20490.0,20298.3,20367.4,69581.272
2023-03-12 08:00:00+00:00,20367.7,20429.7,20262.2,20335.6,39349.368
2023-03-12 12:00:00+00:00,20335.6,20488.5,20326.8,20435.0,51563.089
2023-03-12 16:00:00+00:00,20434.9,20452.3,20270.0,20347.9,73260.469
2023-03-12 20:00:00+00:00,20347.8,21350.0,20332.5,20770.5,320423.397
2023-03-13 00:00:00+00:00,20770.6,22184.0,20750.8,21986.2,327344.80700000003
2023-03-13 04:00:00+00:00,21986.2,22598.0,21856.0,22221.7,220127.8
2023-03-13 08:00:00+00:00,22221.8,22500.0,22213.8,22451.6,107550.891
2023-03-13 12:00:00+00:00,22451.5,22542.0,21804.0,22092.6,212765.433
2023-03-13 16:00:00+00:00,22092.6,24517.2,21945.0,24009.0,677353.141
2023-03-13 20:00:00+00:00,24009.0,24437.9,23777.0,24314.6,228551.46600000001
2023-03-14 00:00:00+00:00,24314.6,24350.0,23935.7,24119.5,88633.445
2023-03-14 04:00:00+00:00,24119.5,24507.0,23990.0,24379.9,103809.19
2023-03-14 08:00:00+00:00,24379.9,24850.0,24148.0,24251.9,154883.625
2023-03-14 12:00:00+00:00,24252.3,24844.4,24121.7,24747.3,156510.376
2023-03-14 16:00:00+00:00,24747.4,26489.9,24405.0,25911.3,572682.237
2023-03-14 20:00:00+00:00,25911.3,26025.7,24222.0,25065.5,344601.197
2023-03-15 00:00:00+00:00,25066.4,25184.0,23951.0,24682.5,240076.01
2023-03-15 04:00:00+00:00,24682.5,25088.0,24318.0,24741.6,126773.008
2023-03-15 08:00:00+00:00,24741.6,24940.0,24609.4,24892.0,66779.179
2023-03-15 12:00:00+00:00,24892.0,24937.7,24266.0,24782.6,173691.809
2023-03-15 16:00:00+00:00,24782.6,25200.0,24364.7,24480.1,376951.657
2023-03-15 20:00:00+00:00,24480.0,24534.4,23888.0,24379.8,279276.742
2023-03-16 00:00:00+00:00,24379.8,24645.4,24222.6,24288.0,78584.034
2023-03-16 04:00:00+00:00,24287.9,24440.0,24120.5,24271.9,68553.169
2023-03-16 08:00:00+00:00,24271.9,24694.9,24178.0,24614.5,88010.463
2023-03-16 12:00:00+00:00,24614.5,25060.0,24370.0,24821.4,175784.63
2023-03-16 16:00:00+00:00,24821.4,25030.0,24516.0,24880.6,182794.492
2023-03-16 20:00:00+00:00,24880.7,25167.9,24590.9,24945.9,128630.721
2023-03-17 00:00:00+00:00,24945.9,25097.8,24602.5,24990.4,91673.471
2023-03-17 04:00:00+00:00,24990.5,25896.5,24875.3,25769.9,202957.831
2023-03-17 08:00:00+00:00,25769.9,26200.0,25638.8,26046.9,159158.38499999998
2023-03-17 12:00:00+00:00,26046.9,26980.0,25912.5,26914.1,276537.249
2023-03-17 16:00:00+00:00,26914.1,26930.0,26120.0,26412.6,264742.761
2023-03-17 20:00:00+00:00,26412.7,26850.0,26250.0,26830.0,166531.946
2023-03-18 00:00:00+00:00,26830.0,27763.4,26571.2,27384.0,271230.892
2023-03-18 04:00:00+00:00,27383.9,27726.4,27050.0,27293.3,145608.554
2023-03-18 08:00:00+00:00,27293.4,27600.0,27205.0,27351.9,67348.421
2023-03-18 12:00:00+00:00,27351.9,27500.0,27050.0,27440.0,87883.227
2023-03-18 16:00:00+00:00,27439.9,27658.4,27037.0,27218.9,147089.40600000002
2023-03-18 20:00:00+00:00,27218.9,27490.0,26555.5,27322.9,196552.142
2023-03-19 00:00:00+00:00,27322.8,27453.3,26790.0,26907.0,95750.566
2023-03-19 04:00:00+00:00,26907.0,27269.1,26901.6,27194.7,54712.469
2023-03-19 08:00:00+00:00,27194.8,27282.7,26815.9,26963.4,62219.778000000006
2023-03-19 12:00:00+00:00,26963.4,27192.0,26868.7,27152.2,69530.397
2023-03-19 16:00:00+00:00,27152.2,27799.9,27090.0,27534.3,164948.133
2023-03-19 20:00:00+00:00,27533.7,28383.6,27456.0,28245.3,261335.865
2023-03-20 00:00:00+00:00,28245.4,28397.0,27722.4,27955.7,146620.436
2023-03-20 04:00:00+00:00,27955.8,28048.0,27120.6,27264.3,154695.612
2023-03-20 08:00:00+00:00,27264.3,28261.9,27140.0,28168.5,139390.54200000002
2023-03-20 12:00:00+00:00,28168.5,28483.2,27881.2,28176.8,202307.20799999998
2023-03-20 16:00:00+00:00,28176.8,28254.3,27570.0,27679.7,185779.965
2023-03-20 20:00:00+00:00,27679.7,28031.0,27445.0,27769.5,159678.78399999999
2023-03-21 00:00:00+00:00,27769.6,28180.8,27566.8,27704.1,95371.337
2023-03-21 04:00:00+00:00,27704.1,27940.0,27653.7,27773.0,53957.05
2023-03-21 08:00:00+00:00,27773.1,27960.7,27288.0,27490.9,105693.226
2023-03-21 12:00:00+00:00,27490.9,28172.5,27382.5,28026.1,143510.008
2023-03-21 16:00:00+00:00,28026.1,28252.5,27706.0,28028.7,166353.668
2023-03-21 20:00:00+00:00,28028.7,28460.0,27921.5,28111.3,165393.834
2023-03-22 00:00:00+00:00,28111.2,28200.0,27902.0,28091.1,50579.928
2023-03-22 04:00:00+00:00,28091.1,28286.3,27930.0,28137.7,62536.551999999996
2023-03-22 08:00:00+00:00,28137.6,28280.0,28002.6,28088.2,54361.466
2023-03-22 12:00:00+00:00,28088.2,28213.7,27962.1,28113.5,61658.449
2023-03-22 16:00:00+00:00,28113.5,28758.1,28090.4,28586.2,220961.586
2023-03-22 20:00:00+00:00,28586.1,28881.0,26620.0,26654.1,512273.43999999994
2023-03-23 00:00:00+00:00,26653.3,27425.3,26590.0,27233.8,168601.777
2023-03-23 04:00:00+00:00,27233.8,27421.8,27101.0,27343.7,63845.694
2023-03-23 08:00:00+00:00,27343.7,27680.0,27231.3,27616.4,84538.137
2023-03-23 12:00:00+00:00,27616.3,27735.0,27420.0,27573.4,67047.23999999999
2023-03-23 16:00:00+00:00,27573.5,28777.0,27267.0,28574.5,280955.401
2023-03-23 20:00:00+00:00,28574.6,28645.2,27757.1,28362.5,222300.561
2023-03-24 00:00:00+00:00,28362.5,28439.0,27945.8,28284.1,89487.014
2023-03-24 04:00:00+00:00,28284.0,28369.1,28120.0,28211.3,44984.892
2023-03-24 08:00:00+00:00,28211.3,28334.0,28078.4,28269.9,45073.281
2023-03-24 12:00:00+00:00,28270.0,28289.1,27312.5,27558.4,144031.611
2023-03-24 16:00:00+00:00,27558.4,28260.0,27523.0,27997.2,208669.32
2023-03-24 20:00:00+00:00,27997.2,28040.0,27501.0,27811.3,128438.58
2023-03-25 00:00:00+00:00,27811.4,27854.4,26960.0,27438.9,124877.686
2023-03-25 04:00:00+00:00,27439.0,27648.4,27400.0,27568.6,42513.558000000005
2023-03-25 08:00:00+00:00,27568.6,27598.0,27360.0,27473.5,39018.021
2023-03-25 12:00:00+00:00,27473.5,27524.7,27302.0,27445.6,49158.275
2023-03-25 16:00:00+00:00,27445.7,27788.0,27340.0,27631.4,74902.16
2023-03-25 20:00:00+00:00,27631.4,27721.0,27131.8,27179.5,83903.179
2023-03-26 00:00:00+00:00,27179.4,27522.0,27139.7,27447.3,46178.862
2023-03-26 04:00:00+00:00,27447.2,27640.0,27400.0,27517.3,38527.41
2023-03-26 08:00:00+00:00,27517.2,27560.0,27444.7,27492.4,25075.949
2023-03-26 12:00:00+00:00,27492.4,27991.5,27460.9,27852.1,73218.71299999999
2023-03-26 16:00:00+00:00,27852.0,28186.9,27677.3,27790.1,146722.281
2023-03-26 20:00:00+00:00,27790.1,27934.7,27590.6,27814.1,49048.115
2023-03-27 00:00:00+00:00,27814.0,28138.3,27655.7,27954.3,67164.51699999999
2023-03-27 04:00:00+00:00,27954.3,28019.4,27757.4,27878.4,44345.13
2023-03-27 08:00:00+00:00,27878.4,27929.2,27650.0,27794.5,50007.614
2023-03-27 12:00:00+00:00,27794.5,27986.8,27760.1,27879.9,51239.037
2023-03-27 16:00:00+00:00,27879.9,27917.4,26480.0,26887.3,308699.095
2023-03-27 20:00:00+00:00,26887.3,27300.0,26838.8,26956.8,134145.374
2023-03-28 00:00:00+00:00,26956.9,27246.9,26860.0,27112.0,53998.572
2023-03-28 04:00:00+00:00,27112.0,27162.5,26800.0,26955.5,65014.849
2023-03-28 08:00:00+00:00,26955.6,27132.0,26864.0,26947.2,58412.238
2023-03-28 12:00:00+00:00,26947.3,27150.0,26610.0,27046.7,128644.69099999999
2023-03-28 16:00:00+00:00,27046.8,27200.0,26820.1,26984.9,123639.089
2023-03-28 20:00:00+00:00,26984.8,27500.0,26720.3,27412.1,151133.821
2023-03-29 00:00:00+00:00,27412.1,27482.5,27080.0,27249.7,58236.083999999995
2023-03-29 04:00:00+00:00,27249.7,27465.7,27223.6,27354.1,46690.55499999999
2023-03-29 08:00:00+00:00,27354.1,28210.7,27333.7,28077.7,154440.639
2023-03-29 12:00:00+00:00,28077.8,28649.9,28025.5,28347.5,170742.766
2023-03-29 16:00:00+00:00,28347.5,28589.5,28211.5,28426.3,132706.077
2023-03-29 20:00:00+00:00,28426.4,28444.0,28119.5,28406.1,91922.458
2023-03-30 00:00:00+00:00,28406.2,28500.0,28200.0,28338.5,59350.475999999995
2023-03-30 04:00:00+00:00,28338.6,29184.8,28066.0,28470.5,244943.14599999998
2023-03-30 08:00:00+00:00,28470.4,28760.0,28425.0,28706.6,79859.667
2023-03-30 12:00:00+00:00,28706.5,28734.2,28469.0,28630.1,63603.014
2023-03-30 16:00:00+00:00,28630.0,28683.5,28146.4,28282.8,132433.793
2023-03-30 20:00:00+00:00,28282.8,28285.1,27654.1,27971.3,176918.772
2023-03-31 00:00:00+00:00,27971.4,28187.7,27762.3,28015.0,73207.708
2023-03-31 04:00:00+00:00,28015.0,28367.9,27900.0,28152.3,82802.246
2023-03-31 08:00:00+00:00,28152.2,28214.8,27500.0,27733.3,101966.83499999999
2023-03-31 12:00:00+00:00,27733.3,27978.3,27670.0,27916.0,76287.669
2023-03-31 16:00:00+00:00,27916.0,28675.3,27860.2,28488.5,217230.739
2023-03-31 20:00:00+00:00,28488.6,28533.9,28250.1,28459.0,81771.513
2023-04-01 00:00:00+00:00,28458.9,28632.5,28322.0,28454.9,51498.288
2023-04-01 04:00:00+00:00,28454.8,28845.3,28400.0,28532.0,65781.33799999999
2023-04-01 08:00:00+00:00,28532.1,28617.8,28328.0,28416.1,46755.744999999995
2023-04-01 12:00:00+00:00,28416.1,28476.9,28350.0,28365.5,28874.662
2023-04-01 16:00:00+00:00,28365.4,28430.0,28180.0,28387.2,49661.974
2023-04-01 20:00:00+00:00,28387.2,28430.0,28259.2,28368.3,28679.32
2023-04-02 00:00:00+00:00,28368.4,28575.0,28365.0,28443.8,36734.183000000005
2023-04-02 04:00:00+00:00,28443.7,28516.5,28340.0,28463.0,28921.926
2023-04-02 08:00:00+00:00,28463.0,28483.7,28366.0,28401.3,21969.845999999998
2023-04-02 12:00:00+00:00,28401.3,28432.9,28287.0,28344.9,30770.077
2023-04-02 16:00:00+00:00,28344.9,28352.5,28022.0,28110.2,92591.724
2023-04-02 20:00:00+00:00,28110.1,28218.2,27820.0,27933.7,83183.919
2023-04-03 00:00:00+00:00,27933.7,28197.6,27825.2,28161.2,59221.178
2023-04-03 04:00:00+00:00,28161.3,28171.3,27552.4,27738.1,92246.758
2023-04-03 08:00:00+00:00,27738.1,27951.9,27559.2,27946.5,59558.174
2023-04-03 12:00:00+00:00,27946.5,28540.0,27944.0,28243.4,169915.848
2023-04-03 16:00:00+00:00,28243.3,28370.0,27933.0,28032.5,141711.342
2023-04-03 20:00:00+00:00,28034.1,28230.0,27863.0,28071.8,99518.63200000001
2023-04-04 00:00:00+00:00,28071.8,28084.0,27166.0,27786.1,178714.809
2023-04-04 04:00:00+00:00,27786.1,27950.0,27650.2,27843.7,57048.555
2023-04-04 08:00:00+00:00,27843.6,28141.6,27753.2,28013.2,58199.402
2023-04-04 12:00:00+00:00,28013.2,28450.0,27909.3,28274.6,106225.31700000001
2023-04-04 16:00:00+00:00,28274.7,28392.5,27935.2,28011.7,113740.258
2023-04-04 20:00:00+00:00,28011.7,28250.0,27952.8,28171.1,56580.848
2023-04-05 00:00:00+00:00,28171.0,28300.0,28061.5,28155.2,40576.232
2023-04-05 04:00:00+00:00,28155.1,28800.0,28085.8,28536.1,125905.052
2023-04-05 08:00:00+00:00,28536.1,28615.0,28433.4,28515.7,38202.006
2023-04-05 12:00:00+00:00,28515.7,28593.0,28432.4,28544.0,37263.294
2023-04-05 16:00:00+00:00,28543.9,28741.0,27830.1,28014.9,208759.52000000002
2023-04-05 20:00:00+00:00,28015.0,28300.0,27775.0,28229.1,99424.748
2023-04-06 00:00:00+00:00,28229.2,28290.0,28110.0,28154.0,34158.218
2023-04-06 04:00:00+00:00,28154.0,28166.7,27855.0,28117.4,57949.765
2023-04-06 08:00:00+00:00,28117.4,28117.5,27889.0,27896.8,36721.731
2023-04-06 12:00:00+00:00,27896.7,28024.6,27684.2,27934.9,78981.47499999999
2023-04-06 16:00:00+00:00,27935.0,28175.0,27724.0,28079.3,102413.306
2023-04-06 20:00:00+00:00,28079.3,28156.2,27931.3,28005.0,45472.386
2023-04-07 00:00:00+00:00,28005.0,28112.0,27873.5,28022.8,34378.119
2023-04-07 04:00:00+00:00,28022.9,28096.0,27911.0,28022.2,27954.246
2023-04-07 08:00:00+00:00,28022.2,28052.2,27755.0,27822.0,43965.699
2023-04-07 12:00:00+00:00,27822.1,27954.0,27772.6,27830.0,47983.634
2023-04-07 16:00:00+00:00,27829.9,27981.1,27776.5,27930.2,58901.765
2023-04-07 20:00:00+00:00,27930.2,27940.6,27842.2,27886.4,18629.237
2023-04-08 00:00:00+00:00,27886.3,27975.0,27822.9,27890.7,21815.597
2023-04-08 04:00:00+00:00,27890.7,28069.9,27850.1,28005.9,26709.114
2023-04-08 08:00:00+00:00,28005.9,28153.6,27954.0,28073.8,38189.945999999996
2023-04-08 12:00:00+00:00,28073.8,28107.7,27975.5,27997.7,22421.506999999998
2023-04-08 16:00:00+00:00,27997.7,28047.9,27925.1,28004.3,23432.443
2023-04-08 20:00:00+00:00,28004.3,28010.5,27855.0,27909.1,29141.061999999998
2023-04-09 00:00:00+00:00,27909.2,27977.1,27866.4,27924.9,19235.488
2023-04-09 04:00:00+00:00,27924.9,28078.1,27907.7,28012.0,30081.571
2023-04-09 08:00:00+00:00,28011.9,28055.0,27820.0,27888.2,47649.418999999994
2023-04-09 12:00:00+00:00,27888.2,27927.0,27762.8,27919.3,31551.572
2023-04-09 16:00:00+00:00,27919.3,27960.0,27777.0,27873.6,35449.263
2023-04-09 20:00:00+00:00,27873.6,28290.6,27860.3,28132.4,69130.263
2023-04-10 00:00:00+00:00,28132.4,28539.1,28077.1,28309.4,91999.792
2023-04-10 04:00:00+00:00,28309.4,28420.0,28230.0,28269.8,39158.156
2023-04-10 08:00:00+00:00,28269.8,28308.0,28180.0,28278.2,32457.91
2023-04-10 12:00:00+00:00,28278.3,28383.0,28258.7,28294.3,33714.023
2023-04-10 16:00:00+00:00,28294.3,28590.0,28153.6,28427.7,91957.051
2023-04-10 20:00:00+00:00,28427.7,29300.0,28368.9,29164.9,244253.752
2023-04-11 00:00:00+00:00,29164.9,29840.0,29058.0,29623.1,138521.033
2023-04-11 04:00:00+00:00,29623.1,30491.0,29573.9,30105.8,202989.715
2023-04-11 08:00:00+00:00,30105.7,30160.0,29752.1,30095.3,75212.768
2023-04-11 12:00:00+00:00,30095.3,30140.0,29966.0,30045.0,53203.501000000004
2023-04-11 16:00:00+00:00,30045.1,30280.0,29938.9,30179.4,117522.26199999999
2023-04-11 20:00:00+00:00,30179.5,30564.0,30017.8,30121.9,112939.472
2023-04-12 00:00:00+00:00,30122.0,30269.9,29896.0,30185.1,67110.773
2023-04-12 04:00:00+00:00,30185.1,30350.0,29811.0,29914.8,93503.58
2023-04-12 08:00:00+00:00,29914.8,30063.0,29829.5,29979.4,47788.578
2023-04-12 12:00:00+00:00,29979.5,30041.2,29881.4,30003.7,37903.678
2023-04-12 16:00:00+00:00,30003.7,30480.0,29620.0,29948.0,266359.4
2023-04-12 20:00:00+00:00,29948.0,30087.7,29736.0,29789.5,77609.156
2023-04-13 00:00:00+00:00,29789.5,29970.0,29761.9,29875.0,40504.038
2023-04-13 04:00:00+00:00,29874.9,30270.0,29836.7,30057.3,52435.953
2023-04-13 08:00:00+00:00,30057.2,30120.0,29980.1,30054.1,28862.315
2023-04-13 12:00:00+00:00,30054.0,30369.0,30025.7,30149.2,92038.937
2023-04-13 16:00:00+00:00,30149.1,30648.9,30116.5,30422.5,147335.344
2023-04-13 20:00:00+00:00,30422.6,30539.7,30242.1,30323.1,76467.563
2023-04-14 00:00:00+00:00,30323.0,30385.2,30185.0,30362.7,39042.382
2023-04-14 04:00:00+00:00,30362.7,30950.0,30293.0,30684.6,143783.626
2023-04-14 08:00:00+00:00,30684.5,31059.0,30665.9,30739.9,95052.482
2023-04-14 12:00:00+00:00,30739.9,30819.3,30647.0,30790.0,51819.143
2023-04-14 16:00:00+00:00,30789.9,30840.0,30080.1,30226.7,173876.177
2023-04-14 20:00:00+00:00,30226.7,30340.8,29925.0,30311.2,102233.968
2023-04-15 00:00:00+00:00,30311.1,30500.0,30260.0,30453.1,48626.219
2023-04-15 04:00:00+00:00,30453.0,30599.9,30270.0,30367.1,41220.216
2023-04-15 08:00:00+00:00,30367.0,30464.0,30327.4,30416.6,20229.732
2023-04-15 12:00:00+00:00,30416.6,30460.0,30340.6,30371.0,24960.612
2023-04-15 16:00:00+00:00,30370.9,30432.1,30270.7,30319.9,32820.069
2023-04-15 20:00:00+00:00,30319.9,30333.0,30186.0,30318.8,38861.655
2023-04-16 00:00:00+00:00,30318.9,30350.0,30220.4,30280.4,22141.798
2023-04-16 04:00:00+00:00,30280.4,30311.0,30102.0,30249.0,26508.945
2023-04-16 08:00:00+00:00,30249.0,30397.4,30240.5,30330.8,21303.215
2023-04-16 12:00:00+00:00,30330.8,30345.1,30210.0,30220.1,23037.583
2023-04-16 16:00:00+00:00,30220.1,30363.2,30142.5,30324.7,40131.077999999994
2023-04-16 20:00:00+00:00,30324.7,30560.0,30252.3,30306.0,57612.65
2023-04-17 00:00:00+00:00,30306.0,30399.9,30170.9,30286.6,41632.548
2023-04-17 04:00:00+00:00,30286.6,30307.4,29714.1,29966.5,111581.657
2023-04-17 08:00:00+00:00,29966.5,29994.6,29822.0,29831.1,33276.831
2023-04-17 12:00:00+00:00,29831.2,29913.6,29283.8,29558.1,93915.974
2023-04-17 16:00:00+00:00,29558.1,29589.4,29219.9,29346.5,131855.384
2023-04-17 20:00:00+00:00,29346.5,29565.0,29316.3,29459.6,55047.782
2023-04-18 00:00:00+00:00,29459.6,29524.0,29370.0,29420.0,29840.92
2023-04-18 04:00:00+00:00,29420.1,29485.0,29078.1,29431.7,65673.969
2023-04-18 08:00:00+00:00,29431.6,29790.0,29426.6,29756.8,59863.93
2023-04-18 12:00:00+00:00,29756.8,30378.0,29678.2,30369.7,120369.892
2023-04-18 16:00:00+00:00,30369.7,30480.0,30082.8,30170.2,143790.876
2023-04-18 20:00:00+00:00,30170.1,30269.7,29927.6,30205.8,89098.27
2023-04-19 00:00:00+00:00,30205.8,30450.0,30132.9,30365.8,54392.333
2023-04-19 04:00:00+00:00,30365.8,30410.0,30107.2,30199.9,42292.844000000005
2023-04-19 08:00:00+00:00,30199.9,30326.9,29960.0,30064.8,57670.911
2023-04-19 12:00:00+00:00,30064.7,30067.1,28800.0,29299.9,224711.531
2023-04-19 16:00:00+00:00,29300.0,29490.0,29015.0,29247.9,98329.93
2023-04-19 20:00:00+00:00,29248.0,29357.2,29033.0,29210.6,61620.315
2023-04-20 00:00:00+00:00,29210.5,29309.7,28557.3,28795.1,159240.579
2023-04-20 04:00:00+00:00,28795.0,28994.4,28520.2,28850.1,91900.129
2023-04-20 08:00:00+00:00,28850.0,29078.0,28803.5,28857.7,58960.584
2023-04-20 12:00:00+00:00,28857.7,28938.0,28575.6,28601.6,68189.911
2023-04-20 16:00:00+00:00,28601.5,28940.0,28300.0,28492.3,164293.111
2023-04-20 20:00:00+00:00,28492.4,28650.0,27983.0,28091.2,186202.872
2023-04-21 00:00:00+00:00,28091.2,28358.4,27995.1,28229.9,69632.679
2023-04-21 04:00:00+00:00,28229.9,28368.9,28076.1,28309.1,58395.542
2023-04-21 08:00:00+00:00,28309.2,28332.3,27800.0,28142.3,119795.709
2023-04-21 12:00:00+00:00,28142.4,28225.8,27904.4,28054.5,80831.36
2023-04-21 16:00:00+00:00,28054.5,28300.0,27954.4,28032.8,126677.76299999999
2023-04-21 20:00:00+00:00,28032.8,28086.4,27188.0,27273.6,211114.733
2023-04-22 00:00:00+00:00,27273.6,27400.0,27100.0,27252.5,91017.726
2023-04-22 04:00:00+00:00,27252.6,27360.0,27126.0,27309.9,45729.471
2023-04-22 08:00:00+00:00,27309.9,27387.8,27204.5,27268.4,36075.068
2023-04-22 12:00:00+00:00,27268.4,27310.0,27166.0,27276.1,42889.652
2023-04-22 16:00:00+00:00,27276.1,27556.1,27219.5,27477.1,82203.755
2023-04-22 20:00:00+00:00,27477.1,27780.0,27470.5,27604.7,86509.805
2023-04-23 00:00:00+00:00,27604.6,27888.0,27554.6,27807.2,52141.270000000004
2023-04-23 04:00:00+00:00,27807.2,27807.3,27390.3,27545.2,66658.757
2023-04-23 08:00:00+00:00,27545.2,27738.5,27519.2,27704.6,32611.861
2023-04-23 12:00:00+00:00,27704.7,27760.0,27463.4,27632.8,49943.657
2023-04-23 16:00:00+00:00,27632.8,27729.0,27279.7,27460.2,70478.522
2023-04-23 20:00:00+00:00,27460.2,27679.6,27307.0,27453.3,74820.167
2023-04-24 00:00:00+00:00,27453.3,27642.6,27388.3,27576.0,37569.391
2023-04-24 04:00:00+00:00,27575.9,28000.0,27410.0,27780.0,99571.446
2023-04-24 08:00:00+00:00,27780.1,27782.3,27331.0,27440.8,65884.391
2023-04-24 12:00:00+00:00,27440.9,27544.0,27140.0,27540.0,101737.772
2023-04-24 16:00:00+00:00,27539.9,27700.0,27208.0,27256.0,135196.378
2023-04-24 20:00:00+00:00,27255.9,27577.0,26919.3,27373.8,141565.215
2023-04-25 00:00:00+00:00,27373.8,27547.1,27305.2,27497.5,37313.066
2023-04-25 04:00:00+00:00,27497.4,27583.6,27305.3,27337.6,43907.361000000004
2023-04-25 08:00:00+00:00,27337.6,27452.8,27222.7,27252.3,45282.566999999995
2023-04-25 12:00:00+00:00,27252.4,27430.0,27176.6,27382.1,66538.637
2023-04-25 16:00:00+00:00,27382.2,27466.0,27200.0,27329.5,74964.782
2023-04-25 20:00:00+00:00,27329.5,27787.5,27302.4,27596.1,115386.167
2023-04-26 00:00:00+00:00,27596.2,28379.9,27596.2,28286.7,162175.001
2023-04-26 04:00:00+00:00,28286.7,28473.0,28232.8,28296.2,71407.185
2023-04-26 08:00:00+00:00,28296.1,28588.0,28285.9,28365.0,62803.722
2023-04-26 12:00:00+00:00,28364.9,29146.4,28357.1,28940.7,213528.425
2023-04-26 16:00:00+00:00,28940.7,30048.2,28940.6,29803.0,306318.812
2023-04-26 20:00:00+00:00,29803.1,29899.0,27644.2,27871.9,297334.63
2023-04-27 00:00:00+00:00,27871.9,28729.1,27200.0,28395.9,333531.894
2023-04-27 04:00:00+00:00,28396.0,29480.0,28365.3,28876.6,231823.014
2023-04-27 08:00:00+00:00,28876.6,29272.6,28612.7,28880.0,112459.212
2023-04-27 12:00:00+00:00,28880.1,29139.2,28768.0,28921.2,98201.41200000001
2023-04-27 16:00:00+00:00,28921.2,29600.0,28650.0,29136.7,206699.481
2023-04-27 20:00:00+00:00,29136.6,29898.0,29001.0,29659.9,204824.12900000002
2023-04-28 00:00:00+00:00,29659.9,29781.7,29239.2,29459.0,98577.49100000001
2023-04-28 04:00:00+00:00,29459.0,29591.1,29314.9,29412.8,78696.35399999999
2023-04-28 08:00:00+00:00,29412.8,29560.9,29382.9,29473.9,49552.737
2023-04-28 12:00:00+00:00,29473.8,29493.7,29110.4,29226.0,86710.553
2023-04-28 16:00:00+00:00,29225.9,29463.3,28870.0,29133.9,170065.295
2023-04-28 20:00:00+00:00,29134.0,29433.4,29080.3,29317.6,89994.00899999999
2023-04-29 00:00:00+00:00,29317.6,29417.9,29250.0,29300.0,33331.207
2023-04-29 04:00:00+00:00,29300.0,29387.7,29180.0,29328.8,39776.621999999996
2023-04-29 08:00:00+00:00,29328.8,29443.9,29275.0,29333.9,36929.532999999996
2023-04-29 12:00:00+00:00,29333.8,29349.9,29225.0,29323.4,35064.791
2023-04-29 16:00:00+00:00,29323.4,29385.0,29200.2,29258.1,38754.353
2023-04-29 20:00:00+00:00,29258.0,29300.0,29000.4,29222.0,47665.322
2023-04-30 00:00:00+00:00,29222.1,29258.6,29115.6,29212.7,19822.623
2023-04-30 04:00:00+00:00,29212.7,29217.7,29067.4,29168.0,25444.574
2023-04-30 08:00:00+00:00,29168.0,29287.5,29158.6,29252.0,24448.044
2023-04-30 12:00:00+00:00,29251.9,29349.9,29150.0,29184.6,33318.971
2023-04-30 16:00:00+00:00,29184.6,29950.0,29169.9,29644.2,142401.479
2023-04-30 20:00:00+00:00,29644.4,29860.0,29200.0,29346.0,117019.249
2023-05-01 00:00:00+00:00,29346.0,29471.0,29145.3,29223.0,75166.529
2023-05-01 04:00:00+00:00,29223.0,29325.5,28333.0,28545.6,143426.63
2023-05-01 08:00:00+00:00,28545.6,28700.0,28200.0,28610.0,77991.238
2023-05-01 12:00:00+00:00,28609.9,28659.2,28464.6,28510.6,39461.984
2023-05-01 16:00:00+00:00,28510.6,28618.0,28052.1,28158.3,130179.62599999999
2023-05-01 20:00:00+00:00,28158.5,28402.3,27780.0,27833.9,148882.2
2023-05-02 00:00:00+00:00,27833.9,28143.0,27650.0,28054.4,85032.81
2023-05-02 04:00:00+00:00,28054.5,28131.9,27899.7,28031.9,44341.09
2023-05-02 08:00:00+00:00,28031.9,28158.0,27854.0,28045.0,39868.257
2023-05-02 12:00:00+00:00,28045.1,28121.8,27921.6,28076.1,39176.734
2023-05-02 16:00:00+00:00,28076.2,28778.0,27900.0,28521.1,231570.662
2023-05-02 20:00:00+00:00,28521.0,28888.0,28412.0,28676.4,110133.821
2023-05-03 00:00:00+00:00,28676.5,28820.0,28600.6,28656.5,48455.705
2023-05-03 04:00:00+00:00,28656.4,28682.1,28324.4,28505.4,58108.623
2023-05-03 08:00:00+00:00,28505.5,28674.0,28407.3,28638.3,44177.432
2023-05-03 12:00:00+00:00,28638.4,28758.9,28515.0,28535.1,52281.205
2023-05-03 16:00:00+00:00,28535.0,28567.0,28080.0,28292.7,135071.937
2023-05-03 20:00:00+00:00,28292.6,28800.0,28200.0,28308.8,229709.193
2023-05-04 00:00:00+00:00,28308.8,29258.4,28267.3,29018.4,157117.84
2023-05-04 04:00:00+00:00,29018.4,29176.6,28938.5,29084.7,48827.682
2023-05-04 08:00:00+00:00,29084.7,29228.1,29022.4,29048.6,50341.471
2023-05-04 12:00:00+00:00,29048.7,29380.0,28967.4,29145.0,78089.723
2023-05-04 16:00:00+00:00,29145.0,29221.5,28660.0,28850.0,145934.75
2023-05-04 20:00:00+00:00,28850.0,28966.0,28660.0,28883.2,73790.969
2023-05-05 00:00:00+00:00,28883.2,28913.3,28731.2,28826.0,29440.989
2023-05-05 04:00:00+00:00,28826.0,29551.0,28802.8,29187.0,115027.03899999999
2023-05-05 08:00:00+00:00,29187.0,29264.3,29025.0,29059.0,52721.949
2023-05-05 12:00:00+00:00,29058.9,29185.6,29010.0,29137.5,44105.557
2023-05-05 16:00:00+00:00,29137.6,29437.5,28618.3,29347.4,192645.919
2023-05-05 20:00:00+00:00,29347.5,29693.0,29304.0,29548.7,133203.275
2023-05-06 00:00:00+00:00,29548.7,29650.0,29440.0,29491.5,40781.438
2023-05-06 04:00:00+00:00,29491.5,29840.0,29335.0,29360.1,76988.632
2023-05-06 08:00:00+00:00,29360.0,29430.0,29225.3,29350.2,42728.114
2023-05-06 12:00:00+00:00,29350.2,29359.2,29108.0,29264.5,58055.462
2023-05-06 16:00:00+00:00,29264.5,29266.7,28333.0,28557.9,181672.364
2023-05-06 20:00:00+00:00,28557.9,28963.9,28519.4,28831.9,77210.531
2023-05-07 00:00:00+00:00,28831.9,28869.9,28620.2,28837.8,38973.798
2023-05-07 04:00:00+00:00,28837.9,29137.0,28730.2,28790.8,63343.561
2023-05-07 08:00:00+00:00,28790.8,28943.0,28771.9,28891.9,27761.690000000002
2023-05-07 12:00:00+00:00,28891.8,28950.0,28691.2,28826.5,44539.548
2023-05-07 16:00:00+00:00,28826.5,29088.3,28825.0,28933.1,58996.19
2023-05-07 20:00:00+00:00,28933.1,29019.9,28753.6,28894.0,46812.975000000006
2023-05-08 00:00:00+00:00,28894.0,28947.7,28370.0,28419.4,66956.679
2023-05-08 04:00:00+00:00,28419.5,28624.6,28000.0,28188.0,142837.35199999998
2023-05-08 08:00:00+00:00,28188.1,28249.0,27800.0,27957.8,82354.151
2023-05-08 12:00:00+00:00,27957.7,27977.6,27550.0,27922.2,108980.277
2023-05-08 16:00:00+00:00,27922.2,28074.9,27651.5,27874.1,110121.512
2023-05-08 20:00:00+00:00,27874.2,27918.0,27260.9,27329.1,148637.52
2023-05-09 00:00:00+00:00,27329.0,27686.5,27250.0,27659.8,65257.965
2023-05-09 04:00:00+00:00,27659.8,27747.9,27528.2,27612.5,46056.079
2023-05-09 08:00:00+00:00,27612.4,27661.7,27423.9,27649.3,47560.102
2023-05-09 12:00:00+00:00,27649.3,27719.0,27502.3,27663.9,42312.157
2023-05-09 16:00:00+00:00,27663.9,27815.6,27316.8,27385.8,119288.926
2023-05-09 20:00:00+00:00,27385.8,27739.6,27334.6,27704.7,78744.11899999999
2023-05-10 00:00:00+00:00,27704.7,27769.4,27501.3,27610.2,33703.303
2023-05-10 04:00:00+00:00,27610.2,27848.7,27605.0,27668.8,47318.156
2023-05-10 08:00:00+00:00,27668.9,27712.0,27507.0,27532.4,32310.414
2023-05-10 12:00:00+00:00,27532.3,27669.8,27457.8,27660.7,39879.662000000004
2023-05-10 16:00:00+00:00,27660.6,28297.0,27623.4,28141.2,213950.08
2023-05-10 20:00:00+00:00,28141.2,28290.0,26666.6,27683.6,289613.92000000004
2023-05-11 00:00:00+00:00,27683.6,27979.8,27177.0,27582.9,99430.444
2023-05-11 04:00:00+00:00,27583.0,27611.5,27352.3,27435.1,56879.457
2023-05-11 08:00:00+00:00,27435.1,27544.1,27382.4,27437.5,39192.274000000005
2023-05-11 12:00:00+00:00,27437.5,27478.6,27220.0,27393.2,55275.013999999996
2023-05-11 16:00:00+00:00,27393.2,27630.0,26924.0,27166.3,187266.555
2023-05-11 20:00:00+00:00,27166.3,27214.4,26688.8,26831.4,146708.743
2023-05-12 00:00:00+00:00,26831.5,27050.8,26787.3,26956.4,53500.32
2023-05-12 04:00:00+00:00,26956.4,27090.0,26515.0,26574.8,90812.315
2023-05-12 08:00:00+00:00,26574.7,26699.2,26100.1,26294.1,131694.685
2023-05-12 12:00:00+00:00,26294.0,26425.8,26220.0,26333.0,54978.691000000006
2023-05-12 16:00:00+00:00,26332.9,26599.4,26254.2,26307.7,98862.76299999999
2023-05-12 20:00:00+00:00,26307.6,26480.0,25751.0,26445.2,132224.157
2023-05-13 00:00:00+00:00,26445.1,26882.8,26347.5,26785.1,107072.897
2023-05-13 04:00:00+00:00,26785.2,26974.1,26678.5,26794.6,56653.066999999995
2023-05-13 08:00:00+00:00,26794.6,26862.9,26674.9,26759.3,32070.296000000002
2023-05-13 12:00:00+00:00,26759.2,26864.8,26727.3,26814.3,27857.048000000003
2023-05-13 16:00:00+00:00,26814.4,26897.0,26722.8,26802.0,40717.301
2023-05-13 20:00:00+00:00,26802.0,27051.5,26755.0,26822.6,54284.517
2023-05-14 00:00:00+00:00,26822.6,26928.6,26730.0,26762.7,31112.7
2023-05-14 04:00:00+00:00,26762.8,26865.4,26557.0,26853.6,47551.697
2023-05-14 08:00:00+00:00,26853.6,26888.7,26778.2,26839.9,20315.573
2023-05-14 12:00:00+00:00,26839.9,26879.2,26780.0,26794.8,18182.978
2023-05-14 16:00:00+00:00,26794.8,27200.0,26730.0,27071.4,86298.935
2023-05-14 20:00:00+00:00,27071.4,27115.1,26809.0,26865.0,53779.117
2023-05-15 00:00:00+00:00,26865.0,26947.2,26826.6,26901.9,21451.127
2023-05-15 04:00:00+00:00,26901.9,27279.0,26694.4,27216.3,100134.61
2023-05-15 08:00:00+00:00,27216.4,27550.0,27165.1,27398.6,93928.69
2023-05-15 12:00:00+00:00,27398.6,27472.5,27288.0,27323.2,39961.710999999996
2023-05-15 16:00:00+00:00,27323.2,27525.0,27200.0,27383.0,79836.823
2023-05-15 20:00:00+00:00,27383.0,27650.0,27300.6,27410.1,97469.17
2023-05-16 00:00:00+00:00,27410.1,27410.1,27100.0,27152.5,38932.072
2023-05-16 04:00:00+00:00,27152.5,27284.7,26832.0,27118.7,90185.098
2023-05-16 08:00:00+00:00,27118.7,27243.6,26971.0,27240.6,49329.282
2023-05-16 12:00:00+00:00,27240.6,27274.2,26978.6,27049.3,62608.697
2023-05-16 16:00:00+00:00,27049.3,27127.4,26880.1,27027.9,89162.317
2023-05-16 20:00:00+00:00,27027.9,27144.0,26862.0,26917.9,53087.558000000005
2023-05-17 00:00:00+00:00,26917.9,27046.2,26881.2,27024.8,28799.999
2023-05-17 04:00:00+00:00,27024.7,27238.5,26969.7,27052.1,48161.97
2023-05-17 08:00:00+00:00,27052.1,27092.4,26700.0,26831.9,53789.861000000004
2023-05-17 12:00:00+00:00,26831.8,26907.5,26558.0,26626.5,84616.009
2023-05-17 16:00:00+00:00,26626.4,26830.0,26527.5,26788.0,106131.008
2023-05-17 20:00:00+00:00,26788.1,27441.7,26730.0,27377.1,129947.055
2023-05-18 00:00:00+00:00,27377.0,27500.0,27259.5,27395.8,67419.315
2023-05-18 04:00:00+00:00,27395.7,27482.7,27280.0,27357.3,35846.271
2023-05-18 08:00:00+00:00,27357.2,27445.9,27139.0,27375.1,61937.259999999995
2023-05-18 12:00:00+00:00,27375.1,27429.2,27320.3,27391.9,42133.547
2023-05-18 16:00:00+00:00,27391.8,27471.5,27007.1,27075.2,145244.456
2023-05-18 20:00:00+00:00,27075.2,27100.0,26335.3,26719.3,200861.276
2023-05-19 00:00:00+00:00,26719.3,27060.0,26671.1,26809.3,58949.169
2023-05-19 04:00:00+00:00,26809.4,26922.5,26733.4,26825.0,37542.604
2023-05-19 08:00:00+00:00,26825.0,26950.0,26801.5,26841.9,28781.823
2023-05-19 12:00:00+00:00,26842.0,26918.6,26801.2,26839.0,20482.061999999998
